PSRJ,P0,P1
J0002+6216,0.115363568,5.97E-15
J0006+1834,0.69374767,2.10E-15
J0007+7303,0.315873191,3.60E-13
J0014+4746,1.240699039,5.64E-16
J0021-0909,2.314130829,1.04E-15
J0023+0923,0.003050203,1.14E-20
J0024-7204C,0.00575678,-4.99E-20
J0024-7204D,0.005357573,-3.42E-21
J0024-7204E,0.003536329,9.85E-20
J0024-7204F,0.002623579,6.45E-20
J0024-7204G,0.004040379,-4.22E-20
J0024-7204H,0.003210341,-1.83E-21
J0024-7204I,0.003484992,-4.59E-20
J0024-7204J,0.002100634,-9.79E-21
J0024-7204L,0.004346168,-1.22E-19
J0024-7204M,0.003676643,-3.84E-20
J0024-7204N,0.003053954,-2.19E-20
J0024-7204O,0.002643343,3.03E-20
J0024-7204P,0.003643021,6.64E-19
J0024-7204Q,0.004033181,3.40E-20
J0024-7204R,0.003480463,1.48E-19
J0024-7204S,0.002830406,-1.21E-19
J0024-7204T,0.00758848,2.94E-19
J0024-7204U,0.004342827,9.52E-20
J0024-7204W,0.002352345,-8.66E-20
J0024-7204X,0.004771523,1.84E-20
J0024-7204Y,0.002196657,-3.52E-20
J0024-7204Z,0.004554447,-4.54E-21
J0024-7204ab,0.003704639,9.82E-21
J0026+6320,0.318357771,1.51E-16
J0030+0451,0.004865453,1.02E-20
J0034-0534,0.001877182,4.97E-21
J0034-0721,0.942950995,4.08E-16
J0038-2501,0.256926458,7.60E-19
J0040+5716,1.118225345,2.88E-15
J0045-7042,0.6323358,2.49E-15
J0045-7319,0.926275905,4.46E-15
J0048+3412,1.217094296,2.35E-15
J0051+0423,0.354731799,7.00E-18
J0054+6946,0.832911329,7.19E-16
J0055+5117,2.115171149,9.54E-15
J0056+4756,0.472036662,3.33E-15
J0057-7201,0.738062443,1.00E-16
J0058+4950,0.996023452,8.04E-16
J0058-7218,0.021766108,2.89E-14
J0100+8023,1.493600919,3.54E-16
J0100-7211,8.020392,1.88E-11
J0101-6422,0.002573152,5.16E-21
J0102+4839,0.00296,1.17E-20
J0102+6537,1.679164229,5.95E-15
J0106+4855,0.083157305,4.28E-16
J0107+1322,1.197383394,6.87E-16
J0108+6608,1.283659843,1.31E-14
J0108+6905,1.07111811,4.81E-17
J0108-1431,0.807564614,7.70E-17
J0111+6624,4.301872101,8.36E-15
J0111-7131,0.688541512,7.09E-15
J0113-7220,0.325883016,4.86E-15
J0115+6325,0.521455427,1.60E-15
J0117+5914,0.101439066,5.85E-15
J0122+1416,1.38899395,3.80E-15
J0131-7310,0.348124046,1.76E-15
J0133-6957,0.463473742,1.20E-16
J0134-2937,0.136961611,7.84E-17
J0137+1654,0.414763027,1.22E-17
J0137+6349,0.717962727,9.60E-16
J0139+3336,1.247960956,2.06E-15
J0139+5621,1.775343826,7.91E-14
J0139+5814,0.272450631,1.07E-14
J0141+6009,1.222948521,3.91E-16
J0146+6145,8.688994062,1.99E-12
J0147+5922,0.196321375,2.57E-16
J0151-0635,1.464664549,4.43E-16
J0152+0948,2.74664729,1.70E-15
J0152-1637,0.832741613,1.30E-15
J0154+1833,0.00236457,2.92E-21
J0156+3949,1.811560611,1.52E-16
J0157+6212,2.351744936,1.89E-13
J0201+7005,1.349184472,5.51E-15
J0205+6449,0.065715928,1.94E-13
J0206-4028,0.63055126,1.20E-15
J0209+5759,1.063906283,1.39E-14
J0210+5845,1.766208099,1.34E-13
J0211-8159,1.077332701,2.90E-16
J0212+5222,0.376386364,6.60E-15
J0214+5222,0.024575295,2.99E-19
J0215+6218,0.548879819,6.62E-16
J0218+4232,0.002323091,7.74E-20
J0231+7026,1.466820306,3.11E-15
J0248+4230,0.002600835,1.69E-20
J0248+6021,0.21709398,5.51E-14
J0250+5854,23.53537848,2.72E-14
J0251+2606,0.002541554,7.57E-21
J0255-5304,0.447708473,3.13E-17
J0302+2252,1.20716484,8.25E-17
J0304+1932,1.387584446,1.30E-15
J0312-0921,0.003704,1.97E-20
J0318+0253,0.005189852,1.76E-20
J0323+3944,3.032071956,6.36E-16
J0324+5239,0.33662023,3.81E-16
J0325+6744,1.364678767,1.55E-15
J0329+1654,0.893319661,2.15E-16
J0332+5434,0.7145197,2.05E-15
J0335+4555,0.269200541,7.35E-18
J0335+6623,1.761934247,4.81E-15
J0337+1715,0.002732589,1.77E-20
J0340+4130,0.003299339,7.05E-21
J0343+5312,1.934478067,1.34E-14
J0343-3000,2.597027157,5.70E-17
J0344-0901,1.226005573,3.47E-15
J0348+0432,0.039122657,2.41E-19
J0349+2340,2.420770978,1.10E-15
J0357+3205,0.444104499,1.30E-14
J0357+5236,0.197030098,4.77E-16
J0358+4155,0.226484332,1.46E-16
J0358+5413,0.156384122,4.39E-15
J0358+6627,0.091505781,1.09E-17
J0359+5414,0.079427232,1.67E-14
J0401-7608,0.545254187,1.54E-15
J0402+4825,0.512194449,2.75E-16
J0406+6138,0.594576165,5.57E-15
J0407+1607,0.025701739,7.90E-20
J0415+6954,0.39071509,7.66E-17
J0418+5732,9.07838822,4.10E-15
J0418-4154,0.757118945,1.32E-15
J0420-5022,3.453004027,2.76E-14
J0421+3255,0.900105016,6.00E-17
J0421-0345,2.161308495,1.16E-15
J0426+4933,0.92247473,3.93E-14
J0435+2749,0.326279453,8.17E-18
J0437-4715,0.005757452,5.73E-20
J0448-2749,0.450448331,1.48E-16
J0449-7031,0.479163971,3.37E-15
J0450-1248,0.438014149,1.03E-16
J0451-67,0.24545429,0
J0452-1759,0.548939223,5.75E-15
J0453+1559,0.045781817,1.86E-19
J0454+4529,1.389136936,4.89E-15
J0454+5543,0.340729436,2.37E-15
J0455-6951,0.320422712,1.02E-14
J0456-7031,0.800132073,3.67E-14
J0457-6337,2.497011696,2.10E-16
J0458-0505,1.883479658,5.30E-16
J0459-0210,1.133076124,1.40E-15
J0501+4516,5.762096529,5.82E-12
J0502+4654,0.638565482,5.58E-15
J0502-6617,0.691251418,2.31E-14
J0509+0856,0.004055838,4.41E-21
J0509+3801,0.076541349,7.93E-18
J0511-6508,0.322061827,2.06E-16
J0514-4002A,0.004990575,6.97E-22
J0514-4408,0.320270822,2.04E-15
J0517+2212,0.222366515,1.16E-17
J0518+5125,0.912511685,1.91E-16
J0518+5416,0.340202652,1.68E-15
J0519-6932,0.263211635,6.97E-16
J0520-2553,0.241642176,3.01E-17
J0522-6847,0.674531909,1.77E-14
J0525+1115,0.354437595,7.36E-17
J0525-6607,8.047,6.50E-11
J0528+2200,3.74553925,4.01E-14
J0529-0715,0.689223601,5.75E-16
J0529-6652,0.975736827,1.55E-14
J0532-6639,0.642742751,5.35E-15
J0533+0402,0.963017825,1.60E-16
J0533+6759,0.00438816,1.26E-20
J0533-4524,0.157284525,2.80E-16
J0534+2200,0.033392412,4.21E-13
J0534-6703,1.817565031,4.25E-13
J0535-6935,0.20051133,1.15E-14
J0536-7543,1.245856133,5.78E-16
J0537-6910,0.016122222,5.18E-14
J0538+2817,0.143158259,3.67E-15
J0540+3207,0.524270863,4.48E-16
J0540-6919,0.050569703,4.79E-13
J0540-7125,1.286014595,8.20E-16
J0543+2329,0.245974769,1.54E-14
J0543-6851,0.708954186,3.94E-15
J0546+2441,2.843850385,7.65E-15
J0554+3107,0.464960966,1.43E-13
J0555-7056,0.827838086,5.96E-15
J0557+1550,0.002556367,7.35E-21
J0557-2948,0.043642639,7.30E-20
J0600-5756,2.261364513,2.78E-15
J0601-0527,0.39596917,1.30E-15
J0605+3757,0.002727954,4.80E-21
J0608+1635,0.945844752,1.35E-14
J0609+2130,0.055698014,2.35E-19
J0610-2100,0.003861325,1.23E-20
J0611+1436,0.270329463,4.00E-15
J0612+3721,0.297982327,5.95E-17
J0612+37216,0.443871368,1.50E-16
J0613+3731,0.619198181,3.24E-15
J0613-0200,0.003061844,9.59E-21
J0614+2229,0.334959966,5.94E-14
J0614-3329,0.00314867,1.75E-20
J0621+0336,0.269954068,7.24E-18
J0621+1002,0.028853861,4.73E-20
J0621+2514,0.002721788,2.48E-20
J0622+3749,0.333208232,2.54E-14
J0623+0340,0.6137596,8.84E-17
J0624-0424,1.039076476,8.30E-16
J0627+0649,0.346522567,1.70E-15
J0627+0706,0.475884938,2.98E-14
J0628+0909,1.241421391,5.48E-16
J0629+2415,0.476622836,2.00E-15
J0630-0046,0.680574832,3.75E-15
J0630-2834,1.244418596,7.12E-15
J0631+0646,0.110978943,3.62E-15
J0631+1036,0.287800022,1.05E-13
J0633+0632,0.297395191,7.96E-14
J0633+1746,0.237099442,1.10E-14
J0633-2015,3.253210838,3.82E-15
J0636+5128,0.002868953,3.45E-21
J0636-4549,1.984597367,3.17E-15
J0645+5158,0.008853497,4.92E-21
J0646+0905,0.903913357,7.36E-16
J0647+0913,1.234853628,6.42E-15
J0652-0142,0.924053918,1.53E-16
J0653+8051,1.214440512,3.80E-15
J0656-2228,1.224754415,2.67E-17
J0656-5449,0.183156899,3.19E-17
J0658+0022,0.563294925,9.15E-15
J0659+1414,0.384928623,5.49E-14
J0700+6418,0.195670945,6.85E-19
J0709+0458,0.034428978,3.80E-19
J0709-5923,0.485268384,1.26E-16
J0711+0931,1.214090492,4.00E-16
J0711-6830,0.005490969,1.49E-20
J0719-2545,0.974724731,7.28E-15
J0720-3125,8.391115532,6.98E-14
J0721-2038,0.015542395,4.40E-20
J0725-1635,0.424311403,9.26E-17
J0726-2612,3.442308488,2.93E-13
J0729-1448,0.251658714,1.13E-13
J0729-1836,0.510160345,1.90E-14
J0732+2314,0.004090137,6.02E-21
J0733-2345,1.796249701,5.70E-15
J0734-1559,0.15625,1.22E-14
J0736-6304,4.862873961,1.52E-13
J0737-2202,0.32036637,5.47E-15
J0737-3039A,0.022699379,1.76E-18
J0737-3039B,2.77346077,8.92E-16
J0738+6904,6.827692802,2.70E-14
J0738-4042,0.374920736,1.38E-15
J0740+6620,0.002885736,1.22E-20
J0742+4334,0.60619068,3.71E-16
J0742-2822,0.166762292,1.68E-14
J0744-2525,0.09199632,9.56E-16
J0745-5353,0.214838506,2.19E-15
J0746-4529,2.791025178,1.67E-14
J0747+6646,0.407700524,6.78E-16
J0749-4247,1.095452158,9.77E-16
J0750-6846,0.915215804,1.10E-16
J0751+1807,0.003478771,7.79E-21
J0754+3231,1.442349479,1.08E-15
J0758-1528,0.682265176,1.62E-15
J0802-5613,0.273972603,2.76E-15
J0803-0942,0.571256559,1.16E-15
J0804-3647,2.191986896,4.21E-15
J0806-4123,11.37038593,5.56E-14
J0807-5421,0.526643531,3.78E-16
J0808-3937,0.866349285,4.01E-16
J0809-4753,0.547202119,3.08E-15
J0812-3905,0.482595929,4.49E-17
J0814+7429,1.292241447,1.68E-16
J0815+0939,0.645161191,1.39E-16
J0815+4611,0.434242252,3.90E-18
J0818-3049,0.763741848,5.80E-16
J0818-3232,2.161258927,7.53E-16
J0820-1350,1.238129544,2.11E-15
J0820-3826,0.124836674,2.44E-15
J0820-3921,1.073566584,1.22E-14
J0820-4114,0.54544556,1.98E-17
J0821-4221,0.396728235,3.48E-15
J0821-4300,0.112799455,9.28E-18
J0823+0159,0.864872805,1.05E-16
J0824+0028,0.009861349,1.47E-19
J0826+2637,0.530660512,1.71E-15
J0828-3417,1.848918804,9.96E-16
J0831-4406,0.311673518,1.28E-15
J0834-4159,0.121117759,4.28E-15
J0835-3707,0.541404374,9.78E-15
J0835-4510,0.089328385,1.25E-13
J0836-4233,0.738435606,1.32E-15
J0837+0610,1.273768292,6.80E-15
J0837-4135,0.751625423,3.54E-15
J0838-2621,0.308580662,3.90E-17
J0838-3947,1.703945706,8.13E-16
J0840-5332,0.720613772,1.64E-15
J0842-4851,0.64435362,9.56E-15
J0843-5022,0.208955693,1.72E-16
J0846-3533,1.116098409,1.60E-15
J0847-4316,5.977492737,1.20E-13
J0849+8028,1.602227974,4.46E-16
J0849-6322,0.367953256,7.91E-16
J0854+5449,1.233032602,3.12E-16
J0855-3331,1.267535703,6.32E-15
J0855-4644,0.064686131,7.26E-15
J0855-4658,0.575072383,1.36E-14
J0856-6137,0.962510611,1.68E-15
J0857+3349,0.242961077,2.40E-16
J0857-4424,0.326786221,2.09E-14
J0900-3144,0.011109649,4.89E-20
J0901-4624,0.441995131,8.75E-14
J0902-6325,0.660313372,1.07E-16
J0904-4246,0.965173295,1.88E-15
J0904-7459,0.549553679,4.61E-16
J0905-4536,0.988280597,1.49E-16
J0905-5127,0.346301153,2.49E-14
J0905-6019,0.340854177,5.22E-16
J0907-5157,0.253557725,1.83E-15
J0908-1739,0.401625623,6.69E-16
J0908-4913,0.106769037,1.51E-14
J0909-7212,1.362890351,3.27E-16
J0912-3851,1.526085076,3.59E-15
J0919-6040,1.216975723,1.00E-17
J0921+6254,1.567994018,3.61E-15
J0922+0638,0.430627099,1.37E-14
J0922-4949,0.950288537,9.76E-14
J0924-5302,0.746338052,3.53E-14
J0924-5814,0.73950547,4.92E-15
J0927+2345,0.761889236,3.05E-16
J0930-2301,1.807068678,3.36E-15
J0931-1902,0.004638029,3.63E-21
J0932-3217,1.931626743,2.50E-16
J0932-5327,4.392158713,8.37E-15
J0934-4154,0.570409236,2.69E-16
J0934-5249,1.444777141,4.65E-15
J0940-5428,0.087545204,3.29E-14
J0941-5244,0.658557614,1.14E-15
J0942-5552,0.664388681,2.27E-14
J0942-5657,0.808164371,3.96E-14
J0943+1631,1.087417728,9.11E-17
J0943+2253,0.532974706,8.98E-17
J0944+4106,2.229431267,4.42E-15
J0944-1354,0.570264125,4.53E-17
J0945-4833,0.331585599,4.83E-15
J0946+0951,1.097705705,3.49E-15
J0947+2740,0.851013803,4.30E-16
J0949-6902,0.640015724,6.37E-16
J0952-0607,0.001413798,4.77E-21
J0952-3839,1.373815121,5.80E-16
J0953+0755,0.253065165,2.30E-16
J0954-5430,0.472850559,4.39E-14
J0955-5304,0.862122011,3.53E-15
J0955-6150,0.001999,1.43E-20
J0957-5432,0.203556698,1.95E-15
J0959-4809,0.670085874,8.47E-17
J1000-5149,0.255677098,9.60E-16
J1001-5507,1.436630854,5.16E-14
J1001-5559,1.66117674,8.60E-16
J1001-5939,7.733640265,5.99E-14
J1002-5559,0.777500907,1.57E-15
J1002-5919,0.713489254,1.04E-16
J1003-4747,0.307074219,2.07E-15
J1006-6311,0.835797468,5.73E-16
J1012+5307,0.005255749,1.71E-20
J1012-2337,2.517945021,8.81E-16
J1012-5830,2.133591214,3.77E-14
J1012-5857,0.819926245,1.78E-14
J1013-5934,0.442900936,5.56E-16
J1015-5719,0.139881678,5.74E-14
J1016-5345,0.769585867,1.93E-15
J1016-5819,0.087834261,6.99E-16
J1016-5857,0.107386458,8.08E-14
J1017+3011,0.452785073,5.70E-16
J1017-5621,0.50346262,3.14E-15
J1017-7156,0.002338514,2.21E-21
J1018-1642,1.804694946,1.74E-15
J1019-5749,0.16249871,2.01E-14
J1020-5921,1.238305344,4.05E-14
J1020-6026,0.14048129,6.74E-15
J1021-5601,0.670026298,5.34E-17
J1022+1001,0.01645293,4.33E-20
J1022-5813,1.643726002,1.45E-13
J1023+0038,0.001687987,6.93E-21
J1023-5746,0.111472434,3.84E-13
J1024-0719,0.005162205,1.86E-20
J1028-5819,0.091403231,1.61E-14
J1031-6117,0.306410837,1.78E-15
J1032-5206,2.407622311,1.79E-14
J1032-5911,0.464212627,1.80E-15
J1034-3224,1.150590428,2.30E-16
J1035-6345,0.579576736,3.50E-16
J1035-6720,0.002872006,4.65E-20
J1036-4926,0.510369403,1.65E-15
J1036-6559,0.533501886,1.36E-15
J1038+0032,0.028851558,6.70E-20
J1038-5831,0.661992094,1.25E-15
J1041-1942,1.386368075,9.45E-16
J1042-5521,1.170867244,6.72E-15
J1043-6116,0.288605287,1.04E-14
J1044-5737,0.139028891,5.46E-14
J1045-4509,0.007474224,1.77E-20
J1046+0304,0.326271446,1.24E-16
J1046-5813,0.369428088,1.15E-15
J1047-3032,0.330328052,6.10E-17
J1047-6709,0.198451451,1.69E-15
J1048+2339,0.004665163,3.01E-20
J1048-5832,0.123725343,9.61E-14
J1048-5838,1.231304777,1.22E-14
J1049+5822,0.727617873,3.91E-15
J1049-5833,2.202325077,4.41E-15
J1050-5953,6.452076579,3.81E-11
J1052-5954,0.180591501,2.00E-14
J1052-6348,0.383830424,3.87E-16
J1054-5943,0.346908958,4.07E-15
J1054-5946,0.22832425,2.09E-16
J1054-6452,1.840003541,3.14E-15
J1055-6022,0.947558409,9.24E-14
J1055-6028,0.099660833,2.95E-14
J1055-6236,0.448635442,7.08E-16
J1055-6905,2.919396987,2.03E-14
J1056-5709,0.676081894,5.76E-16
J1056-6258,0.422450532,3.58E-15
J1056-7117,0.026309677,6.30E-20
J1057-4754,0.628305879,2.25E-16
J1057-5226,0.19711469,5.84E-15
J1057-5851,0.620365031,1.01E-13
J1057-7914,1.347403776,1.33E-15
J1058-5957,0.616270272,6.57E-16
J1059+6459,3.631169679,5.74E-15
J1059-5742,1.18500262,4.31E-15
J1101-6101,0.062800077,8.56E-15
J1101-6424,0.005109273,1.80E-21
J1103-5403,0.00339271,3.68E-21
J1103-6025,0.396586749,9.90E-16
J1104-6103,0.280905302,1.97E-15
J1105-4353,0.351111862,2.50E-15
J1105-6037,0.194938267,2.18E-14
J1105-6107,0.063202131,1.58E-14
J1106-6438,2.717934136,2.33E-15
J1107-5907,0.252773323,9.01E-18
J1107-5947,1.516530965,3.40E-16
J1107-6143,1.799395668,1.56E-13
J1110-5637,0.558254373,2.06E-15
J1111-6039,0.10667,1.95E-13
J1112-6103,0.064961852,3.15E-14
J1112-6613,0.33421384,8.25E-16
J1112-6926,0.820487642,2.82E-15
J1114-6100,0.88085825,4.60E-14
J1115+5030,1.65643976,2.49E-15
J1115-0956,1.31089402,3.47E-17
J1115-6052,0.259779371,7.23E-15
J1116-2444,0.86794888,9.85E-16
J1116-4122,0.943157883,7.95E-15
J1117-6154,0.505097149,1.25E-14
J1117-6447,1.15527196,2.40E-16
J1119-6127,0.407962984,4.02E-12
J1119-7936,2.280597196,3.67E-15
J1121-5444,0.535786514,2.78E-15
J1123-4844,0.244838478,6.54E-17
J1123-6102,0.640233748,6.46E-15
J1123-6259,0.271437312,5.25E-15
J1123-6651,0.232976433,2.75E-15
J1124-3653,0.00241,5.80E-21
J1124-5638,0.185559973,9.00E-18
J1124-5916,0.135476854,7.53E-13
J1124-6421,0.479098585,6.20E-16
J1125+7819,0.004201609,6.94E-21
J1125-5825,0.003102214,6.09E-20
J1125-6014,0.002630381,3.73E-21
J1126-6054,0.202736912,2.81E-16
J1126-6942,0.579418752,3.29E-15
J1128-6219,0.515983511,1.10E-17
J1130-5826,0.162323476,1.59E-17
J1130-5925,0.680983832,9.52E-16
J1130-6807,0.256352799,4.60E-16
J1132-4700,0.32563329,7.77E-16
J1132-5627,0.175166247,6.80E-17
J1133-6250,1.022875141,4.52E-16
J1135-6055,0.114942529,7.93E-14
J1136+1551,1.187913066,3.73E-15
J1136-5525,0.364713249,8.23E-15
J1136-6527,1.189309005,1.75E-15
J1137+7528,0.002512642,3.24E-21
J1137-6700,0.556216056,7.17E-17
J1138-6207,0.117563794,1.25E-14
J1139-6247,0.120481928,4.05E-15
J1141-3107,0.538431789,1.96E-15
J1141-3322,0.291467801,4.65E-16
J1141-6545,0.393898815,4.31E-15
J1142+0119,0.005075298,1.50E-20
J1142-6230,0.558383386,7.79E-17
J1143-5158,0.675646047,6.95E-16
J1143-5536,0.685358486,4.85E-16
J1144-6146,0.987783069,-3.81E-17
J1144-6217,0.850664943,3.08E-14
J1146-6030,0.273374509,1.79E-15
J1148-5725,3.559937232,1.11E-14
J1148-6415,3.241028503,2.70E-15
J1151-6108,0.101633196,1.03E-14
J1152-5800,1.789829466,1.28E-15
J1152-6012,0.376569566,6.69E-15
J1154-6250,0.282011711,5.59E-16
J1156-5707,0.288416774,2.65E-14
J1156-5909,1.037931051,1.02E-15
J1157-5112,0.043589227,1.43E-19
J1157-6224,0.400525717,3.93E-15
J1159-6409,0.667485534,2.40E-17
J1159-7910,0.525074239,2.82E-15
J1201-6306,0.592136029,3.56E-15
J1202-5820,0.452803098,2.13E-15
J1203-6242,0.100603622,4.41E-14
J1204-6843,0.308860862,2.17E-16
J1207-4508,1.769827846,1.56E-15
J1207-5050,0.004842757,6.06E-21
J1208-6238,0.440590724,3.27E-12
J1210-5226,0.424130749,2.22E-17
J1210-5559,0.279767869,7.25E-16
J1210-6322,1.163185714,9.25E-15
J1210-6550,4.237010216,4.31E-16
J1211-6324,0.433083926,2.57E-16
J1214-5830,0.909822701,5.34E-17
J1215-5328,0.636414137,1.15E-16
J1216-6223,0.374053014,1.68E-14
J1216-6410,0.003539376,1.62E-21
J1220-6318,0.789212012,8.03E-17
J1221-0633,0.00193,1.09E-20
J1222-5738,1.081163527,1.50E-16
J1223-5856,0.288541427,5.70E-18
J1224-6208,0.585761208,2.02E-14
J1224-6407,0.216479798,4.95E-15
J1225-5556,1.018452868,2.06E-15
J1225-6035,0.626323942,2.88E-16
J1225-6408,0.419617792,9.46E-16
J1226+0005,2.28507617,2.47E-15
J1226-3223,6.193004085,7.05E-15
J1227-4853,0.001686375,1.11E-20
J1227-6208,0.034527835,1.87E-19
J1231-1411,0.003683879,2.28E-20
J1231-4609,0.877239078,3.80E-17
J1231-5113,0.20661157,1.17E-16
J1231-6303,1.351236393,1.32E-16
J1231-6511,0.247524752,2.84E-14
J1232-4742,1.872994377,1.40E-17
J1232-6501,0.088281908,8.11E-19
J1233-6312,0.564759389,6.92E-15
J1233-6344,0.756891934,3.88E-15
J1234-3630,0.569242225,8.66E-16
J1235-6354,0.256777653,1.97E-16
J1236-0159,3.597573597,5.10E-15
J1236-5033,0.294759771,1.56E-16
J1237-6725,2.110974118,2.19E-15
J1238+2152,1.118590689,1.45E-15
J1239+2453,1.382449103,9.60E-16
J1239-6832,1.30192253,1.19E-14
J1240-4124,0.512242093,1.74E-15
J1243-5735,0.471224878,8.00E-17
J1243-6423,0.388485127,4.49E-15
J1244-1812,3.425323707,1.48E-15
J1244-5053,0.275207111,1.00E-15
J1244-6359,0.14727431,4.40E-18
J1244-6531,1.54681894,7.18E-15
J1245-6238,2.283093351,1.09E-14
J1246+2253,0.473870558,8.89E-17
J1248-6344,0.198335136,1.69E-14
J1248-6444,1.234893494,1.93E-15
J1249-6507,0.434444873,1.21E-17
J1251-7407,0.327057738,3.65E-16
J1252-6314,0.823339271,1.08E-16
J1253-5820,0.255496327,2.10E-15
J1254-6150,0.184502203,6.24E-16
J1255-6131,0.65797363,4.00E-15
J1257-1027,0.61730767,3.63E-16
J1259-6741,0.663330115,8.55E-16
J1300+1240,0.006218532,1.14E-19
J1300-6602,1.143315842,3.35E-16
J1301-6305,0.184528095,2.67E-13
J1301-6310,0.663829648,5.64E-14
J1302-3258,0.00377,6.55E-21
J1302-6313,0.967846213,6.33E-15
J1302-6350,0.047762508,2.28E-15
J1303-6305,2.306641554,2.18E-15
J1305-6203,0.427773663,3.22E-14
J1305-6256,0.478230933,2.11E-15
J1305-6455,0.57165179,4.03E-15
J1306-6242,0.981902118,5.86E-15
J1306-6617,0.4730278,5.98E-15
J1307-6318,4.962427253,2.11E-14
J1308+2127,10.31252206,1.12E-13
J1308-4650,1.058833044,5.26E-16
J1308-5844,0.464699749,8.64E-15
J1309-6415,0.619453557,8.79E-15
J1309-6526,0.398292163,1.84E-17
J1311-1228,0.447517711,1.51E-16
J1311-3430,0.002560371,2.10E-20
J1312+0051,0.004228019,1.75E-20
J1312-5402,0.728154394,1.47E-16
J1312-5516,0.849242597,5.70E-15
J1312-6400,2.437432496,6.83E-16
J1313+0931,0.848932751,8.00E-16
J1314-6101,2.948389604,1.17E-14
J1316-6232,0.342825398,5.30E-15
J1317-5759,2.642198513,1.26E-14
J1317-6302,0.261270556,1.02E-16
J1319-6056,0.284352672,1.53E-15
J1319-6105,0.421118114,1.50E-15
J1320-3512,0.458488407,1.90E-18
J1320-5359,0.279737683,9.25E-15
J1321+8323,0.670037418,5.66E-16
J1321-5922,1.279057595,2.37E-15
J1322-6241,0.506058414,2.59E-15
J1322-6329,2.764209421,1.11E-14
J1324-6146,0.844108575,5.58E-15
J1324-6302,2.483803693,9.79E-16
J1326-4728A,0.004108786,2.70E-20
J1326-4728B,0.004791869,2.76E-20
J1326-5859,0.477993613,3.24E-15
J1326-6408,0.792673877,3.09E-15
J1326-6700,0.543015041,5.33E-15
J1327-0755,0.002677923,1.77E-21
J1327-6222,0.529929187,1.88E-14
J1327-6301,0.196479945,1.53E-15
J1327-6400,0.280677974,3.12E-14
J1328-4357,0.532698803,3.01E-15
J1328-4921,1.478721356,6.10E-16
J1329-6158,1.565217964,3.39E-14
J1331-5245,0.648116647,5.10E-16
J1332-3032,0.650434491,5.60E-16
J1333-4449,0.345602949,5.40E-19
J1334-5839,0.107718216,2.16E-17
J1335-5656,0.003237713,1.21E-20
J1336-2522,0.478145483,3.31E-16
J1337-4441,1.257511493,3.03E-16
J1337-6306,0.207953012,3.56E-16
J1337-6423,0.009423407,2.47E-20
J1338-6204,1.239000579,1.38E-14
J1339-4712,0.137054658,5.30E-19
J1339-6618,0.558179222,3.50E-16
J1340-6456,0.378622066,5.05E-15
J1341-6023,0.627285366,1.95E-14
J1341-6220,0.193339746,2.53E-13
J1342+2822B,0.002389421,1.86E-20
J1343+6634,1.394103786,1.09E-15
J1344-5855,0.252397929,2.91E-15
J1344-6059,0.540102321,4.30E-17
J1345-6115,1.25308459,3.25E-15
J1346-4918,0.299625107,3.50E-17
J1347-5947,0.609961754,1.42E-14
J1348-6307,0.927772239,3.79E-15
J1349-6130,0.259364764,5.12E-15
J1350-5115,0.295699706,7.58E-16
J1350-6225,0.138157778,8.88E-15
J1352-6803,0.628902546,1.23E-15
J1354-6249,2.951938334,1.48E-14
J1355-5153,0.644304508,2.81E-15
J1355-5747,2.038673825,7.15E-16
J1355-5925,1.213381227,5.99E-15
J1355-6206,0.276603043,3.10E-18
J1356-5521,0.507379567,7.24E-16
J1357-6429,0.166108328,3.60E-13
J1358-6025,0.060532688,3.02E-15
J1359-6038,0.127508466,6.33E-15
J1400-1431,0.003084233,7.23E-21
J1400-6325,0.031181601,3.89E-14
J1401-6357,0.842805322,1.68E-14
J1402+13,0.00589,4.83E-17
J1402-5021,1.380182295,5.41E-15
J1403-6310,0.399170177,9.00E-17
J1403-7646,1.306197812,1.20E-15
J1404+1159,2.650439299,1.38E-15
J1405-4656,0.007602203,2.79E-20
J1405-5641,0.617574685,1.20E-15
J1406-4233,2.436795432,6.81E-16
J1406-5806,0.288349244,6.11E-16
J1406-6121,0.213074654,5.47E-14
J1407-6048,0.492344207,3.16E-15
J1407-6153,0.701614949,8.85E-15
J1409-6953,0.528590779,8.40E-16
J1410-6132,0.050051946,3.20E-14
J1410-7404,0.278729444,6.74E-18
J1411+2551,0.062452896,9.56E-20
J1412+7922,0.058199071,3.29E-15
J1412-6111,0.529156398,1.91E-15
J1412-6145,0.315258433,9.90E-14
J1413-6141,0.28562462,3.33E-13
J1413-6205,0.1097407,2.77E-14
J1413-6222,0.292407702,2.23E-15
J1413-6307,0.394945791,7.43E-15
J1414-6802,4.630188062,6.39E-15
J1415-6621,0.392478973,5.80E-16
J1416-5033,0.794882546,1.20E-16
J1416-6037,0.295580482,4.28E-15
J1418-3921,1.096806003,8.89E-16
J1418-5945,1.672595681,2.71E-16
J1418-6058,0.110573012,1.69E-13
J1420-5416,0.935772205,2.32E-16
J1420-5625,0.034117131,6.75E-20
J1420-6048,0.068179877,8.32E-14
J1421-4409,0.006385729,1.24E-20
J1422-6138,0.340967852,9.68E-14
J1423-6953,0.33341071,1.45E-15
J1424-5556,0.770374846,7.80E-16
J1424-5822,0.366736188,3.94E-15
J1424-6438,1.023503699,2.40E-16
J1425-5723,0.35326292,2.20E-17
J1425-5759,0.707867606,7.42E-16
J1425-6210,0.50173031,4.78E-16
J1427-4158,0.586485556,6.21E-16
J1428-5530,0.57029241,2.09E-15
J1429-5911,0.11584261,3.05E-14
J1429-5935,0.763914831,4.28E-14
J1430-5712,0.491518804,4.69E-14
J1430-6623,0.785443345,2.78E-15
J1431-4715,0.002011953,1.41E-20
J1431-5740,0.004110544,6.42E-21
J1432-5032,2.034989479,5.92E-15
J1433-6038,1.954429635,5.63E-15
J1434+7257,0.041741148,5.50E-19
J1434-5943,1.072121212,2.96E-17
J1434-6006,0.306367863,3.02E-15
J1434-6029,0.963348323,1.03E-15
J1435-5954,0.472996377,1.55E-15
J1435-6100,0.009347972,2.45E-20
J1437-5959,0.061696123,8.59E-15
J1437-6146,0.467616323,6.33E-15
J1439-5501,0.028634888,1.42E-19
J1440-6344,0.459606724,1.12E-15
J1441-6137,1.175840023,3.60E-16
J1443-5122,0.732061265,3.38E-16
J1444-5941,2.760227945,8.23E-15
J1444-6026,4.758575568,1.85E-14
J1446-4701,0.002194696,9.81E-21
J1447-5757,0.158730159,1.17E-14
J1449-5846,0.463329577,8.60E-17
J1452-5851,0.386642928,5.07E-14
J1452-6036,0.154992192,1.45E-15
J1453+1902,0.005792303,1.17E-20
J1453-6413,0.179486804,2.74E-15
J1454-5846,0.045248773,8.17E-19
J1455-3330,0.007987205,2.43E-20
J1456-6843,0.263376907,9.89E-17
J1457-5122,1.748307505,5.30E-15
J1457-5900,1.498637437,3.66E-15
J1457-5902,0.390739364,1.23E-14
J1459-6053,0.103150638,2.53E-14
J1501-0046,0.464036814,2.39E-16
J1501-5637,0.782948566,1.70E-16
J1502+4653,1.752508064,1.72E-16
J1502-5653,0.535504398,1.83E-15
J1502-5828,0.668105151,3.64E-14
J1502-6128,0.84210384,1.35E-15
J1502-6752,0.026744424,3.15E-19
J1503+2111,3.314001501,1.40E-16
J1504-5621,0.4129852,5.53E-15
J1504-5659,1.672372343,1.43E-15
J1506-5158,0.840738545,6.37E-15
J1507-4352,0.2867585,1.58E-15
J1507-5800,0.897254102,2.60E-16
J1507-6640,0.355656301,1.15E-15
J1509+5531,0.739681923,5.00E-15
J1509-5850,0.088924863,9.17E-15
J1509-6015,0.339038449,2.12E-15
J1510-4422,0.943871298,6.10E-16
J1511-5414,0.200383946,4.85E-16
J1511-5835,0.30151055,3.44E-16
J1512-5431,2.040531574,1.92E-15
J1512-5759,0.128698573,6.85E-15
J1513-2550,0.002119068,2.16E-20
J1513-5739,0.973458035,2.75E-14
J1513-5908,0.151581943,1.53E-12
J1513-5946,1.046117157,8.53E-15
J1513-6013,1.958737042,1.37E-15
J1514-4834,0.454840333,9.26E-16
J1514-4946,0.003589337,1.86E-20
J1514-5316,0.296279212,1.60E-18
J1514-5925,0.148797468,2.88E-15
J1515-5720,0.286648256,6.09E-15
J1517-4356,0.650836872,2.16E-16
J1517-4636,0.886612497,2.10E-15
J1518+0204A,0.005553593,4.12E-20
J1518+0204B,0.007946941,-3.33E-21
J1518+0204C,0.002483928,2.61E-20
J1518+4904,0.040934989,2.72E-20
J1518-0627,0.794996675,4.18E-16
J1518-3952,0.49919589,2.37E-16
J1518-5415,0.2149248,4.06E-17
J1519-5734,0.518757785,4.27E-15
J1519-6106,2.154307061,8.37E-15
J1519-6308,1.254051631,5.96E-15
J1522-5525,1.389604688,3.30E-15
J1522-5735,0.102135981,3.12E-14
J1522-5829,0.395354482,2.06E-15
J1523-3235,1.504834558,9.53E-16
J1524-5625,0.078218549,3.90E-14
J1524-5706,1.116174457,3.56E-13
J1524-5819,0.961042627,1.26E-13
J1525-5417,1.011694218,1.62E-14
J1525-5523,0.355156037,8.96E-18
J1525-5545,0.011359882,1.31E-19
J1525-5605,0.280348662,1.16E-16
J1526-5633,0.301887897,1.23E-16
J1527-3931,2.417605394,1.91E-14
J1527-5552,1.048718554,1.13E-14
J1528-3146,0.06082223,2.49E-19
J1528-4109,0.526556139,3.96E-16
J1528-5547,3.467301517,7.75E-15
J1528-5838,0.355686622,2.48E-14
J1529-3828,0.008486282,2.70E-20
J1529-5355,0.89126454,8.10E-16
J1529-5611,0.822248731,4.10E-15
J1530-5327,0.278958415,4.68E-15
J1530-6343,0.910319586,8.25E-16
J1531-4012,0.356849313,9.63E-17
J1531-5610,0.084206064,1.38E-14
J1532+2745,1.124835743,7.80E-16
J1532-5308,0.443824608,6.50E-17
J1534-4428,1.221425959,1.80E-16
J1534-5334,1.368882243,1.43E-15
J1534-5405,0.289688895,1.54E-15
J1535-4114,0.432866134,4.07E-15
J1535-4415,0.468401604,4.05E-17
J1535-5450,0.566734157,1.43E-14
J1535-5848,0.307177663,2.72E-15
J1536-3602,1.319759042,7.90E-16
J1536-4948,0.003079914,2.12E-20
J1536-5433,0.881438431,1.91E-15
J1536-5907,0.55784066,1.37E-15
J1537+1155,0.037904441,2.42E-18
J1537-4912,0.301310775,1.93E-15
J1537-5153,1.528124106,4.17E-15
J1537-5312,0.006927096,1.59E-20
J1537-5645,0.430464124,2.78E-15
J1538+2345,3.449384953,6.89E-15
J1538-5438,0.276726137,1.42E-15
J1538-5519,0.395730639,4.10E-17
J1538-5551,0.104675902,3.21E-15
J1538-5621,1.908494491,7.31E-15
J1538-5638,0.843980397,7.12E-15
J1538-5732,0.341212812,4.55E-15
J1538-5750,0.506568335,4.20E-17
J1539-4828,1.2728416,1.27E-15
J1539-5521,1.004958318,7.28E-16
J1539-5626,0.243395151,4.85E-15
J1539-6322,1.63084631,2.02E-16
J1540-5736,0.612916286,4.21E-16
J1541-5535,0.295837553,7.50E-14
J1542-5034,0.599248003,4.02E-15
J1542-5133,1.783864988,5.89E-16
J1542-5303,1.207567765,7.78E-14
J1543+0929,0.748448416,4.32E-16
J1543-0620,0.70906407,8.80E-16
J1543-5013,0.644255065,1.01E-14
J1543-5149,0.00205696,1.62E-20
J1543-5459,0.377137778,5.21E-14
J1544+4937,0.002159288,2.93E-21
J1544-0713,0.484129803,1.14E-15
J1544-5308,0.178553873,6.03E-17
J1545-4550,0.003575289,5.25E-20
J1546-5302,0.580839886,1.18E-14
J1547-0944,1.576924633,2.94E-15
J1547-5709,0.004291146,7.45E-21
J1547-5750,0.647197747,2.56E-17
J1547-5839,0.242190324,5.94E-16
J1548-4821,0.145654719,8.00E-19
J1548-4927,0.602738078,4.05E-15
J1548-5607,0.170937956,1.07E-14
J1549+2113,1.262471312,8.54E-16
J1549-4848,0.288354902,1.41E-14
J1549-5722,0.497772394,4.70E-17
J1550-5242,0.74965895,1.78E-14
J1550-5317,1.421124345,9.35E-16
J1550-5418,2.06983302,2.32E-11
J1551-4424,0.674060361,1.88E-16
J1551-5310,0.453447753,1.95E-13
J1551-6214,0.198838604,2.28E-17
J1552+5437,0.002427888,2.80E-21
J1552-4937,0.006284311,1.90E-20
J1553-5456,1.081347147,1.57E-14
J1554-5209,0.125229558,2.29E-15
J1554-5512,3.418039313,3.12E-14
J1555-0515,0.975409891,2.05E-15
J1555-2341,0.532577741,6.94E-16
J1555-2908,0.001787502,4.45E-20
J1555-3134,0.51810978,6.22E-17
J1556-5358,0.994680687,1.04E-14
J1557-4258,0.329186858,3.30E-16
J1557-5151,0.408154708,7.54E-17
J1558-5419,0.594575264,6.04E-15
J1558-5756,1.122341686,1.86E-13
J1559-4438,0.257056098,1.02E-15
J1559-5545,0.957266839,1.99E-14
J1600-3053,0.003597929,9.50E-21
J1600-5044,0.1926049,5.06E-15
J1600-5751,0.194455894,2.13E-15
J1600-5916,1.247666174,8.87E-16
J1601-5244,2.559356631,7.21E-16
J1601-5335,0.288479334,6.23E-14
J1602-4957,0.819990037,1.59E-14
J1602-5100,0.864286208,6.94E-14
J1603-2531,0.283071323,1.59E-15
J1603-2712,0.778313193,3.01E-15
J1603-3539,0.141908589,1.24E-16
J1603-5312,0.839220813,4.96E-14
J1603-5657,0.496077113,2.80E-15
J1603-7202,0.014841952,1.56E-20
J1604-3142,0.883890454,2.65E-17
J1604-4718,0.527465874,4.96E-15
J1604-4909,0.327418522,1.02E-15
J1604-7203,0.341402932,8.40E-17
J1605-5215,1.013608747,4.75E-15
J1605-5257,0.658013413,2.56E-16
J1607-0032,0.421816234,3.06E-16
J1607-5140,0.342722792,2.54E-15
J1607-6449,0.298116358,2.49E-17
J1609-1930,1.557917248,5.09E-16
J1609-4616,0.249608955,5.01E-16
J1609-5158,1.279402354,1.30E-14
J1610-1322,1.018392746,2.30E-16
J1610-5006,0.481118852,1.36E-14
J1610-5303,0.786468024,2.62E-15
J1611-4811,1.296850239,1.95E-15
J1611-4949,0.666437923,5.42E-16
J1611-5209,0.182494802,5.17E-15
J1611-5847,0.354550317,2.01E-18
J1612+2008,0.426645981,3.73E-17
J1612-2408,0.923833711,1.57E-15
J1612-5022,1.368282923,3.40E-17
J1612-5136,0.483310511,3.78E-15
J1612-5805,0.615520458,9.35E-16
J1613-4714,0.382376722,6.34E-16
J1613-5211,0.457501818,1.92E-14
J1613-5234,0.655220596,6.63E-15
J1614+0737,1.206801436,2.36E-15
J1614-2230,0.003150808,9.62E-21
J1614-3846,0.464106314,9.20E-16
J1614-3937,0.407292274,1.59E-16
J1614-5048,0.231693836,4.95E-13
J1614-5144,1.534008142,7.44E-15
J1614-5402,0.572592272,2.90E-17
J1615-2940,2.477567874,1.58E-15
J1615-4958,0.558257506,1.46E-15
J1615-5137,0.17928,1.06E-14
J1615-5444,0.360957675,3.38E-16
J1615-5537,0.791525716,2.00E-15
J1616-5017,0.491384122,4.66E-14
J1616-5109,1.219593882,1.91E-14
J1616-5208,1.025830893,2.89E-14
J1617-4216,3.42846631,1.81E-14
J1617-4608,0.567080222,1.65E-14
J1617-5055,0.069356847,1.35E-13
J1618-3921,0.011987309,5.41E-20
J1618-4624,0.005931367,3.10E-21
J1618-4723,0.203552878,1.99E-15
J1620-4927,0.171934652,1.05E-14
J1620-5414,1.156360288,6.74E-17
J1621-5039,1.084019944,1.30E-14
J1621-5243,0.371924139,7.68E-16
J1622-0315,0.003845429,1.16E-20
J1622-3751,0.731462723,2.57E-15
J1622-4332,0.916937523,1.56E-15
J1622-4347,0.457681471,5.05E-15
J1622-4802,0.265072236,3.07E-16
J1622-4845,0.735091648,1.10E-16
J1622-4944,1.072967894,1.71E-14
J1622-4950,4.327020261,2.78E-12
J1622-6617,0.023623445,5.88E-20
J1623-0841,0.503015006,1.96E-15
J1623-0908,1.27644582,2.58E-15
J1623-2631,0.011075751,6.71E-19
J1623-4256,0.364591498,1.01E-15
J1623-4949,0.725732155,4.21E-14
J1623-5005,0.085072146,4.16E-15
J1624+5850,0.651800819,3.31E-16
J1624+8643,0.395763022,2.55E-16
J1624-4041,0.167861145,4.72E-15
J1624-4411,0.233164076,7.99E-16
J1624-4613,0.871242606,6.07E-17
J1624-4721,0.448723249,4.15E-15
J1625-0021,0.002833614,2.13E-20
J1625-4048,2.355278193,4.43E-16
J1625-4904,0.460339492,1.68E-14
J1625-4913,0.355856263,6.65E-15
J1626-4537,0.370141128,8.28E-15
J1626-4807,0.293928189,1.75E-14
J1626-6621,0.450867766,7.66E-16
J1627+1419,0.49085673,3.93E-16
J1627-4706,0.140745806,1.73E-15
J1627-4845,0.61233065,3.64E-15
J1627-5547,0.352464213,7.38E-16
J1627-5936,0.354233941,8.00E-18
J1628+4406,0.18117849,1.94E-17
J1628-4804,0.865970963,1.24E-15
J1628-4828,4.137538524,1.75E-14
J1629-3636,2.988192686,7.00E-15
J1629-3825,0.526364586,4.44E-16
J1629-6902,0.006000603,1.00E-20
J1630+3550,0.003229156,2.09E-20
J1630+3734,0.003318112,1.08E-20
J1630-2609,1.912419751,1.57E-15
J1630-4719,0.559071333,1.42E-14
J1630-4733,0.575971412,2.23E-14
J1631-1612,0.677683912,1.10E-15
J1631-4155,0.551241254,8.81E-18
J1632-1013,0.717637328,6.60E-17
J1632-4509,1.046809877,1.49E-14
J1632-4621,1.709154495,7.60E-14
J1632-4757,0.228568673,1.51E-14
J1632-4818,0.813671986,6.49E-13
J1633-2009,0.935557045,1.07E-15
J1633-4453,0.436506697,6.20E-15
J1633-4805,0.710830079,7.69E-14
J1633-5015,0.352145404,3.79E-15
J1634-4229,2.015262997,8.01E-15
J1634-5107,0.507356003,1.57E-15
J1634-5640,0.224201191,4.10E-17
J1635+2332,1.208694246,8.63E-16
J1635+2418,0.490506513,1.19E-16
J1635-1511,1.179387039,2.32E-16
J1635-4513,1.59474555,3.60E-15
J1635-4944,0.671964199,8.79E-15
J1635-5954,0.529121257,1.37E-15
J1636-2614,0.510453756,4.06E-15
J1636-4440,0.206648509,4.67E-14
J1636-4803,1.204643889,2.07E-14
J1636-4933,0.430366558,1.51E-15
J1637-4335,0.77136654,3.62E-15
J1637-4450,0.252869847,5.75E-16
J1637-4553,0.118773346,3.19E-15
J1637-4642,0.154046599,5.93E-14
J1637-4721,1.165741387,4.44E-15
J1637-4816,0.837365302,5.83E-15
J1638+4005,0.767720392,1.83E-16
J1638-3815,0.698260601,7.70E-17
J1638-3951,0.77113024,5.90E-16
J1638-4233,0.510929369,1.01E-14
J1638-4344,1.121944194,2.50E-17
J1638-4417,0.117802006,1.61E-15
J1638-4608,0.278154768,5.15E-14
J1638-4725,0.763933478,4.79E-15
J1638-5226,0.340502709,2.65E-15
J1639-4359,0.587558978,1.50E-17
J1639-4604,0.264557926,2.89E-15
J1640+2224,0.003163316,2.82E-21
J1640-4631,0.206443048,9.76E-13
J1640-4648,0.178352043,8.06E-16
J1640-4715,0.517430025,4.21E-14
J1640-4951,0.739098946,3.34E-16
J1641+3627A,0.010377509,-7.27E-20
J1641+3627B,0.003528072,-1.49E-22
J1641+3627C,0.003722082,1.23E-21
J1641+3627D,0.003118289,-2.35E-20
J1641+3627E,0.002486982,1.74E-20
J1641+3627F,0.003003501,1.40E-20
J1641+8049,0.002021179,8.95E-21
J1641-2347,1.09100843,4.11E-17
J1641-5317,0.175106268,3.70E-15
J1643+1338,1.099047163,7.78E-16
J1643-1224,0.004621642,1.85E-20
J1643-4505,0.237390393,3.18E-14
J1643-4522,1.347899473,8.28E-15
J1643-4550,0.71750809,3.00E-14
J1644-4559,0.455078202,2.01E-14
J1644-4657,0.125962232,7.50E-16
J1645+1012,0.410860719,8.13E-17
J1645-0317,0.387689698,1.78E-15
J1646-1910,4.81773583,1.00E-14
J1646-4308,0.840679981,1.10E-16
J1646-4346,0.231603329,1.13E-13
J1646-5123,0.530075207,2.10E-15
J1646-6831,1.785613305,1.70E-15
J1647+6608,1.599798375,7.84E-15
J1647-3607,0.212316409,1.29E-16
J1647-4552,10.61065628,8.33E-13
J1648-3256,0.719454779,3.53E-15
J1648-4458,0.629631536,1.85E-15
J1648-4611,0.164957688,2.37E-14
J1648-6044,0.583764997,4.29E-16
J1649+2533,1.015257392,5.59E-16
J1649-3012,0.003424423,1.33E-20
J1649-3805,0.262025693,3.67E-17
J1649-3935,0.770909761,3.91E-17
J1649-4349,0.870711559,4.40E-17
J1649-4653,0.557036197,4.96E-14
J1649-4729,0.2976922,6.55E-15
J1649-5553,0.613570704,1.70E-15
J1650-1654,1.749551746,3.20E-15
J1650-4126,0.308917679,1.98E-17
J1650-4341,0.309398366,1.67E-17
J1650-4502,0.380869799,1.61E-14
J1650-4601,0.127122893,1.51E-14
J1650-4921,0.156399739,1.82E-15
J1651-1709,0.973393692,3.04E-15
J1651-4246,0.844080632,4.75E-15
J1651-4519,0.517443204,8.19E-15
J1651-5222,0.635058175,1.81E-15
J1651-5255,0.89053651,2.12E-15
J1651-7642,1.75531108,1.36E-15
J1652+2651,0.915803497,6.54E-16
J1652-1400,0.305447058,1.76E-17
J1652-2404,1.703739138,3.16E-15
J1652-4406,7.707183007,9.50E-15
J1653-0158,0.001967682,2.40E-21
J1653-2054,0.004129145,1.12E-20
J1653-3838,0.305037319,2.79E-15
J1653-4030,1.019371557,4.36E-16
J1653-4105,0.498978066,5.41E-17
J1653-4249,0.612558241,4.81E-15
J1653-4315,0.419279741,1.50E-17
J1653-4854,3.059509602,3.45E-15
J1654-2713,0.791822442,1.68E-16
J1654-3710,0.939165479,7.35E-16
J1654-4140,1.273945126,1.30E-16
J1654-4245,1.101554693,5.12E-14
J1655-3048,0.542935874,3.66E-17
J1655-3844,1.193439199,2.00E-15
J1656+6203,0.776155311,8.44E-16
J1656-3621,0.730133707,1.28E-15
J1657+3304,1.570275525,1.73E-15
J1657-4432,0.609607142,8.21E-15
J1658+3630,0.033027982,1.16E-19
J1658-4306,1.166449004,4.28E-14
J1658-4958,0.41687377,3.86E-15
J1658-5324,0.002439296,1.12E-20
J1659-1305,0.6409582,6.18E-16
J1659-4316,0.474381435,1.71E-16
J1659-4439,0.353293033,2.50E-17
J1700-0954,0.817311602,7.52E-16
J1700-3312,1.358307011,4.71E-15
J1700-3611,1.494090615,4.32E-15
J1700-3919,0.560503533,5.03E-18
J1700-4012,0.283791854,9.91E-17
J1700-4422,0.75553541,4.00E-17
J1700-4939,0.578363439,1.08E-15
J1701-3006A,0.005241566,-1.30E-19
J1701-3006B,0.003593852,-3.48E-19
J1701-3006C,0.007612849,-6.41E-20
J1701-3006D,0.00341777,1.26E-19
J1701-3006E,0.003233737,3.10E-19
J1701-3006F,0.002294727,2.22E-19
J1701-3130,0.291341471,5.60E-17
J1701-3726,2.454618043,1.11E-14
J1701-4533,0.322908567,5.19E-16
J1701-4958,0.804304237,1.10E-16
J1702-3932,0.390327977,3.78E-16
J1702-4128,0.182135803,5.23E-14
J1702-4217,0.227564958,1.14E-17
J1702-4306,0.215508473,9.78E-15
J1702-4310,0.240523865,2.24E-13
J1702-4428,2.123505704,3.30E-15
J1703-1846,0.804341079,1.73E-15
J1703-3241,1.211785095,6.60E-16
J1703-4442,1.747293489,1.43E-14
J1703-4851,1.396404984,5.07E-15
J1704-3756,0.30523445,1.13E-14
J1704-5236,0.230708492,5.20E-17
J1704-6016,0.306323025,9.10E-16
J1705-1906,0.298987427,4.14E-15
J1705-3423,0.255426776,1.08E-15
J1705-3936,0.854481664,1.93E-14
J1705-3950,0.318941483,6.06E-14
J1705-4108,0.861067407,3.47E-14
J1705-4331,0.222561103,7.12E-17
J1705-6135,0.808546089,6.00E-17
J1706-3839,0.586287401,3.00E-15
J1706-4310,0.616979044,6.51E-15
J1706-4434,0.429922423,2.58E-15
J1706-6118,0.361921325,2.92E-16
J1707-4053,0.581017696,1.92E-15
J1707-4341,0.890594496,5.70E-15
J1707-4417,5.763777003,1.17E-14
J1707-4729,0.266473637,1.56E-15
J1708-3426,0.692115696,4.21E-15
J1708-3506,0.004505159,1.14E-20
J1708-3641,0.587566794,1.35E-16
J1708-3827,1.225781996,8.60E-15
J1708-4008,11.0062624,1.96E-11
J1708-4522,1.297836838,2.61E-15
J1708-7539,1.191023997,1.88E-15
J1709+2313,0.004631196,3.63E-21
J1709-1640,0.653053971,6.31E-15
J1709-3626,0.44785706,2.27E-15
J1709-3841,0.586986163,7.86E-15
J1709-4342,1.735898235,8.00E-16
J1709-4401,0.865235334,7.37E-15
J1709-4429,0.102459246,9.30E-14
J1710+4923,0.003220228,1.82E-20
J1710-2616,0.954158007,2.00E-17
J1710-4148,0.286561229,1.02E-16
J1711-1509,0.868804249,1.10E-15
J1711-3826,0.465364646,7.41E-15
J1711-4322,0.102618288,2.67E-17
J1711-5350,0.899232735,1.55E-14
J1712-2715,0.25535966,1.28E-15
J1713+0747,0.004570137,8.53E-21
J1713+7810,0.432525935,1.14E-16
J1713-3844,1.600114042,1.77E-13
J1714-1054,0.696278743,5.88E-17
J1714-3810,3.824936,5.88E-11
J1715-3247,1.260214059,9.20E-17
J1715-3700,0.779628114,1.46E-16
J1715-3859,0.928107508,4.40E-15
J1715-3903,0.278493947,3.74E-14
J1715-4034,2.072154598,3.03E-15
J1715-4254,0.573745359,8.76E-16
J1716-3720,0.630313713,1.80E-14
J1716-4005,0.311812765,2.87E-15
J1716-4111,1.036067273,2.88E-15
J1716-4711,0.555824216,8.33E-16
J1717+4308A,0.003159721,6.11E-20
J1717-3425,0.656299231,9.80E-15
J1717-3737,0.682418627,5.29E-15
J1717-3847,1.149498918,8.20E-16
J1717-3953,1.085520615,3.30E-17
J1717-4043,0.397857447,1.22E-14
J1717-40435,0.349928508,1.75E-15
J1717-4054,0.887719456,3.70E-15
J1717-5800,0.321793347,1.96E-16
J1718-3714,1.289378778,2.62E-14
J1718-3718,3.378574253,1.61E-12
J1718-3825,0.074669921,1.32E-14
J1718-4539,0.590472788,7.51E-15
J1719-1438,0.005790152,8.04E-21
J1719-2330,0.453992694,2.19E-15
J1719-3458,0.493774734,1.49E-17
J1719-4006,0.189094493,1.67E-15
J1719-4302,0.2354752,3.92E-16
J1720+2150,1.61566378,7.40E-16
J1720-0212,0.477715344,8.28E-17
J1720-1633,1.565601148,5.80E-15
J1720-2446,0.874264572,5.93E-16
J1720-2933,0.620448365,7.46E-16
J1720-3659,0.351124634,3.27E-17
J1721-1936,1.004037457,1.62E-15
J1721-1939,0.404039751,1.28E-16
J1721-2457,0.003496634,5.54E-21
J1721-3532,0.280423859,2.52E-14
J1722-3207,0.477157948,6.45E-16
J1722-3632,0.399183352,4.46E-15
J1722-3712,0.236179743,1.09E-14
J1722-4400,0.218554096,3.74E-16
J1723-2837,0.001855733,7.54E-21
J1723-2852,0.625033913,9.00E-16
J1723-3659,0.202724899,8.03E-15
J1724-3149,0.948236974,7.25E-15
J1724-3505,1.221707692,2.11E-14
J1724-4500,1.309108787,3.51E-15
J1725-0732,0.239919487,4.30E-16
J1725-2852,1.257787625,1.99E-15
J1725-3546,1.032471199,1.50E-14
J1725-3848,2.062386258,2.30E-14
J1725-3853,0.004791823,5.00E-20
J1725-4043,1.465071375,2.79E-15
J1726-3530,1.110132444,1.22E-12
J1726-3635,0.287431567,1.44E-15
J1726-4006,0.882778266,3.33E-15
J1727-2739,1.293099946,1.07E-15
J1727-2946,0.027083183,2.46E-19
J1727-2951,0.028404953,3.10E-19
J1728-0007,0.386003724,1.12E-15
J1728-3733,0.615538243,7.20E-17
J1728-4028,0.866342509,2.33E-16
J1729-2117,0.066292899,1.72E-19
J1730-2304,0.008122798,2.02E-20
J1730-2900,1.538426726,8.85E-15
J1730-3350,0.139460211,8.48E-14
J1730-3353,3.270241803,2.20E-14
J1731-1847,0.00234456,2.54E-20
J1731-3123,0.753047989,1.68E-15
J1731-3322,0.544670547,2.81E-14
J1731-4744,0.829828785,1.64E-13
J1732-1930,0.483769998,1.82E-16
J1732-3131,0.196543155,2.80E-14
J1732-3426,0.332886679,4.02E-16
J1732-3729,2.184001347,1.30E-15
J1732-4128,0.627980684,1.28E-14
J1732-4156,0.323434056,6.61E-16
J1732-5049,0.00531255,1.42E-20
J1733-2228,0.871682833,4.27E-17
J1733-2533,0.659794142,2.10E-15
J1733-2837,0.768184557,1.11E-15
J1733-3030,0.362051963,1.65E-15
J1733-3322,1.245914634,4.10E-15
J1733-3716,0.337595,1.50E-14
J1733-4005,0.561778329,3.62E-15
J1733-5515,1.011233535,4.00E-16
J1734-0212,0.839394325,4.21E-16
J1734-2415,0.61252374,1.05E-15
J1734-2859,0.301455878,8.00E-18
J1734-3058,0.541285681,1.62E-17
J1734-3333,1.169340685,2.28E-12
J1735+6320,0.510718135,3.23E-16
J1735-0243,0.782886977,6.32E-16
J1735-0724,0.419334966,1.21E-15
J1735-3258,0.350971731,2.60E-14
J1736-2457,2.642223439,3.43E-15
J1736-2819,1.59241948,1.49E-14
J1736-2843,6.445036086,3.00E-14
J1736-3422,0.347222222,6.56E-14
J1736-3511,0.502802783,1.57E-15
J1737-0314A,0.001979976,9.56E-20
J1737-0811,0.004175017,7.93E-21
J1737-3102,0.768672273,3.73E-14
J1737-3137,0.45043237,1.39E-13
J1737-3320,0.81627308,2.25E-15
J1737-3555,0.397584746,6.12E-15
J1738+0333,0.005850096,2.41E-20
J1738-2330,1.978847432,8.56E-15
J1738-2647,0.349590991,3.15E-15
J1738-2736,0.627715518,4.62E-15
J1738-2955,0.443425288,8.20E-14
J1738-3107,0.549497698,2.96E-16
J1738-3211,0.768498945,7.95E-16
J1738-3316,0.730372511,8.86E-17
J1739+0612,0.234169036,1.56E-16
J1739-1313,1.215697614,8.17E-17
J1739-2521,1.818461193,2.40E-16
J1739-2903,0.322886477,7.87E-15
J1739-3023,0.114371728,1.14E-14
J1739-3049,0.239317178,2.18E-15
J1739-3131,0.529440988,1.86E-14
J1739-3159,0.877561237,1.97E-16
J1739-3951,0.341772477,1.99E-17
J1740+1000,0.154087174,2.15E-14
J1740+1311,0.803050265,1.45E-15
J1740-2540,1.69265634,1.85E-15
J1740-3015,0.606886624,4.66E-13
J1740-3052,0.570313412,2.55E-14
J1740-3327,0.515000656,3.90E-15
J1740-5340A,0.003650329,1.68E-19
J1741+1351,0.003747155,3.02E-20
J1741+2758,1.360737688,1.84E-15
J1741+3855,0.82886089,2.06E-16
J1741-0840,2.043082458,2.27E-15
J1741-2019,3.904506361,1.63E-14
J1741-2054,0.413700121,1.70E-14
J1741-2719,0.346796929,8.06E-17
J1741-2733,0.89295867,1.48E-16
J1741-2945,0.223557829,6.34E-16
J1741-3016,1.893748694,8.99E-15
J1741-3927,0.512212355,1.71E-15
J1742-3321,0.143266476,1.27E-15
J1742-3957,1.016349195,8.16E-17
J1742-4616,0.412401047,3.38E-17
J1743-0339,0.444645107,1.56E-15
J1743-1351,0.405336949,4.78E-16
J1743-2442,1.242508309,4.72E-16
J1743-3150,2.414652315,1.21E-13
J1743-3153,0.1931054,1.06E-14
J1743-4212,0.306166988,7.83E-16
J1744-1134,0.004074546,8.93E-21
J1744-1610,1.757205869,2.38E-15
J1744-2335,1.683506689,8.33E-16
J1744-3130,1.066060871,2.12E-14
J1744-3922,0.172444361,1.55E-18
J1744-5337,0.355665849,1.90E-16
J1744-7619,0.004687524,9.68E-21
J1745+1017,0.00265213,2.73E-21
J1745+1252,1.059848758,5.63E-16
J1745-0129,1.045406856,6.31E-16
J1745-0952,0.019376303,9.25E-20
J1745-2229,1.160592538,2.86E-15
J1745-2758,0.487527998,4.42E-18
J1745-2900,3.76373308,1.76E-11
J1745-3040,0.367433725,1.07E-14
J1745-3812,0.698352864,2.43E-15
J1746+2245,3.465037783,4.92E-15
J1746+2540,1.05814817,1.05E-15
J1746-2849,1.478480373,1.27E-14
J1746-2850,1.077101491,1.34E-12
J1746-2856,0.945224316,1.25E-14
J1746-3239,0.19954136,6.56E-15
J1747-1030,1.578792889,4.30E-16
J1747-2647,0.500254454,1.32E-14
J1747-2802,2.780079198,2.37E-15
J1747-2809,0.052152855,1.56E-13
J1747-2958,0.098813976,6.13E-14
J1747-4036,0.00164561,1.31E-20
J1748-1300,0.394133347,1.21E-15
J1748-2021A,0.288602792,3.99E-16
J1748-2021B,0.016760127,-3.29E-19
J1748-2021C,0.006226933,-5.98E-20
J1748-2021D,0.01349582,5.87E-19
J1748-2021E,0.016264003,3.12E-19
J1748-2021F,0.003793629,-1.05E-20
J1748-2444,0.442838499,1.11E-16
J1748-2446A,0.011563148,-3.40E-20
J1748-2446C,0.008436095,-6.06E-19
J1748-2446ad,0.001395955,0
J1748-2446aj,0.00295891,1.41E-19
J1748-2446ak,0.001890107,8.85E-20
J1748-2446an,0.004802338,1.56E-19
J1748-244am,0.00293382,-1.37E-19
J1748-3009,0.009683961,-3.58E-20
J1749+5952,0.436040951,1.52E-16
J1749-2146,2.714555561,7.08E-15
J1749-2347,0.874485882,2.42E-15
J1749-2629,1.335387791,1.72E-15
J1749-3002,0.609873649,7.87E-15
J1749-4931,0.445822307,5.90E-16
J1749-5417,0.307576752,1.50E-16
J1749-5605,1.33230972,2.12E-15
J1750-2043,5.639047079,7.95E-15
J1750-2438,0.712794037,1.08E-14
J1750-2444,0.899376721,2.64E-16
J1750-28,1.300513146,5.78E-15
J1750-3157,0.910362984,1.97E-16
J1750-3503,0.684013603,3.81E-17
J1750-3703A,0.111600837,5.66E-18
J1750-3703B,0.006074542,1.92E-20
J1750-3703C,0.026568678,-9.96E-19
J1750-3703D,0.005139937,4.93E-19
J1751-2516,0.394835784,2.64E-15
J1751-2857,0.003914873,1.12E-20
J1751-3323,0.548227104,8.83E-15
J1751-4657,0.742353603,1.30E-15
J1752+2359,0.409050865,6.43E-16
J1752-2410,0.191036694,6.18E-16
J1752-2806,0.562557636,8.13E-15
J1752-2821,0.6402295,3.47E-15
J1753-1914,0.062954889,2.02E-18
J1753-2240,0.095137809,9.70E-19
J1753-2501,0.528336409,1.41E-14
J1753-2819,0.018623632,-4.94E-20
J1754+5201,2.391396795,1.56E-15
J1754-2422,2.090248077,8.30E-16
J1754-3014,1.320490414,4.43E-15
J1754-3443,0.361690596,5.71E-16
J1754-3510,0.392703893,7.82E-16
J1755-0903,0.190709643,7.81E-16
J1755-1650,0.733744439,6.86E-16
J1755-2025,0.322231179,4.42E-15
J1755-2521,1.175967877,9.02E-14
J1755-25211,1.004512553,3.12E-14
J1755-2534,0.233540625,1.12E-14
J1755-2550,0.315196062,2.43E-15
J1755-26,0.430872156,1.23E-14
J1755-2725,0.261954678,1.37E-17
J1755-3716,0.012786069,3.11E-20
J1756+1822,0.74400094,5.13E-16
J1756-2225,0.404980301,5.27E-14
J1756-2251,0.028461589,1.02E-18
J1756-2435,0.670479963,2.85E-16
J1756-2619,0.724513749,1.24E-15
J1757-1500,0.179354019,1.50E-15
J1757-1854,0.021497232,2.63E-18
J1757-2223,0.185310102,7.82E-16
J1757-2421,0.234105791,1.30E-14
J1757-2745,0.017687215,-1.30E-20
J1757-5322,0.008869961,2.63E-20
J1758+3030,0.947255811,7.20E-16
J1758-1931,0.692551578,1.69E-14
J1758-2206,0.43027825,9.56E-16
J1758-2540,2.107263371,1.55E-15
J1758-2630,1.202893463,5.17E-15
J1758-2846,0.766706386,9.41E-17
J1759+5036,0.176016347,2.43E-19
J1759-1029,2.512262812,1.57E-14
J1759-1736,0.798451567,2.55E-16
J1759-1903,0.731505473,3.07E-15
J1759-1940,0.254720352,9.34E-17
J1759-1956,2.84338881,1.86E-14
J1759-2205,0.460981536,1.09E-14
J1759-2302,0.810717729,1.07E-14
J1759-2307,0.558888678,3.76E-15
J1759-2549,0.956548549,9.96E-14
J1759-2922,0.574400268,4.63E-15
J1759-3107,1.078954947,3.77E-15
J1759-5505,0.373392126,4.39E-16
J1800+5034,0.578375101,1.17E-16
J1800-0125,0.78318549,1.15E-14
J1800-2114,1.799272492,5.50E-16
J1801-0357,0.921492866,3.31E-15
J1801-0857A,0.007175615,-5.10E-19
J1801-0857B,0.028961588,2.20E-18
J1801-0857C,0.0037387,-6.39E-20
J1801-0857D,0.004226532,7.68E-21
J1801-0857E,0.00760167,-1.04E-18
J1801-0857F,0.024891985,-2.67E-18
J1801-0857G,0.051591367,7.99E-20
J1801-0857H,0.005642723,3.85E-19
J1801-1417,0.003625097,5.30E-21
J1801-1855,2.55049821,1.82E-16
J1801-1909,1.10872485,7.03E-16
J1801-2115,0.438113157,1.55E-17
J1801-2154,0.375301756,1.60E-14
J1801-2304,0.41582709,1.13E-13
J1801-2451,0.124924207,1.28E-13
J1801-2920,1.081910498,3.29E-15
J1801-3210,0.007453584,7.22E-23
J1801-3458,1.385603623,3.97E-16
J1802+0128,0.554261604,2.11E-15
J1802-0523,1.680572969,2.65E-15
J1802-1745,0.514671377,5.64E-16
J1802-2124,0.012647594,7.26E-20
J1802-2426,0.56900709,8.56E-15
J1802-3346,2.461051995,1.32E-15
J1803-1616,0.536595823,1.77E-15
J1803-1857,2.864337736,1.52E-14
J1803-1920,0.443648922,3.30E-16
J1803-2137,0.13366692,1.34E-13
J1803-2149,0.106332094,1.95E-14
J1803-2712,0.334415427,1.71E-17
J1803-3002A,0.007101393,4.00E-20
J1803-3329,0.633411983,3.37E-16
J1804-0735,0.023100855,4.67E-19
J1804-2228,0.570510633,1.43E-16
J1804-2717,0.009343031,4.09E-20
J1804-2858,0.001492685,-7.57E-22
J1805+0306,0.218711565,9.99E-16
J1805+0615,0.002128906,2.28E-20
J1805-0619,0.454650713,9.69E-16
J1805-1504,1.18126923,2.73E-16
J1805-2032,0.405769488,8.39E-15
J1805-2037,0.357806775,1.76E-15
J1805-2447,0.661401759,5.82E-18
J1805-2948,0.428340989,4.74E-16
J1806+1023,0.48428646,5.73E-17
J1806+2819,0.015083667,3.75E-20
J1806-1154,0.522618386,1.41E-15
J1806-1618,0.66830921,8.62E-16
J1806-1920,0.879790876,1.70E-17
J1806-2125,0.481824602,1.18E-13
J1807+0756,0.464300493,1.29E-16
J1807-0847,0.163727372,2.88E-17
J1807-2459A,0.003059449,-4.34E-21
J1807-2459B,0.004186177,8.23E-20
J1807-2557,2.76419487,4.99E-15
J1807-2715,0.827776462,1.22E-14
J1808-0813,0.876044287,1.24E-15
J1808-1020,0.596993203,7.72E-16
J1808-1517,0.544549207,2.67E-15
J1808-1726,0.241034548,1.16E-17
J1808-2024,7.55592,5.49E-10
J1808-2057,0.918410326,1.71E-14
J1808-2701,2.457881778,6.58E-14
J1808-3249,0.364912242,7.05E-15
J1809-0119,0.744976402,2.29E-15
J1809-0743,0.313885675,1.52E-16
J1809-1429,0.895285284,5.24E-15
J1809-1850,1.124481089,1.06E-14
J1809-1917,0.08275527,2.55E-14
J1809-1943,5.540742829,2.83E-12
J1809-2004,0.434811386,7.28E-15
J1809-2109,0.702413629,3.82E-15
J1809-2332,0.146788548,3.44E-14
J1809-3547,0.860387839,1.20E-16
J1810+0705,0.307682834,2.42E-16
J1810+1744,0.00166,4.60E-21
J1810-1441,0.2172135,2.39E-17
J1810-1709,1.16113258,3.33E-16
J1810-1820,0.153716278,5.22E-17
J1810-2005,0.032822245,1.47E-19
J1810-5338,0.26104979,3.86E-16
J1811+0702,0.461712677,2.69E-15
J1811-0154,0.924944823,1.61E-15
J1811-1049,2.623858562,8.00E-16
J1811-1717,0.391385101,1.20E-16
J1811-1736,0.104181955,9.01E-19
J1811-1835,0.557463612,6.31E-15
J1811-1925,0.064667,4.40E-14
J1811-2405,0.002660593,1.38E-20
J1811-2439,0.415812941,2.97E-16
J1811-4930,1.432704197,2.25E-15
J1812+0226,0.793902802,3.60E-15
J1812-1718,1.205374441,1.91E-14
J1812-1733,0.538340543,9.82E-16
J1812-1910,0.430990981,3.77E-14
J1812-20,1.903111982,2.40E-16
J1812-2102,1.223352308,2.39E-14
J1812-2526,0.315835048,1.77E-16
J1812-2748,0.236983307,3.16E-16
J1812-3039,0.587476776,6.60E-16
J1813+1822,0.336424676,2.10E-17
J1813+4013,0.931089085,2.55E-15
J1813-1246,0.048072247,1.76E-14
J1813-1749,0.04474056,1.27E-13
J1813-2113,0.426466241,2.08E-15
J1813-2242,0.328514216,4.78E-17
J1813-2621,0.004430012,1.25E-20
J1814+1130,0.751261115,1.66E-15
J1814-0521,1.014219485,8.84E-16
J1814-0618,1.377868496,2.92E-16
J1814-1649,0.957463935,6.33E-15
J1814-1744,3.975905188,7.45E-13
J1815+5546,0.426843827,9.47E-17
J1815-1738,0.198456979,7.78E-14
J1815-1910,1.249923537,3.63E-14
J1816+4510,0.003193104,4.31E-20
J1816-0755,0.217642691,6.48E-15
J1816-1446,0.594499816,1.33E-15
J1816-1729,0.78231336,7.26E-15
J1816-2650,0.592885191,6.65E-17
J1816-5643,0.217922882,1.93E-18
J1817-0743,0.438095347,-2.30E-18
J1817-1511,0.224603837,1.43E-15
J1817-1742,0.149744039,2.06E-14
J1817-1938,2.046837629,3.60E-16
J1817-3618,0.387019397,2.02E-15
J1817-3837,0.384486784,5.80E-16
J1818-0151,0.837534947,9.11E-15
J1818-1116,0.544799525,3.82E-15
J1818-1422,0.291489461,2.04E-15
J1818-1448,0.2813713,6.15E-15
J1818-1519,0.93969004,4.11E-15
J1818-1541,0.551133777,9.68E-15
J1818-1556,0.952708903,7.06E-16
J1818-1607,1.363491957,4.18E-11
J1819+1305,1.060363544,3.59E-16
J1819-0925,0.852047484,3.13E-15
J1819-1008,0.301489849,1.32E-15
J1819-1114,0.294162515,5.66E-16
J1819-1131,1.388137129,7.61E-16
J1819-1318,1.515695993,5.97E-16
J1819-1408,1.788490453,2.59E-15
J1819-1458,4.263213477,5.63E-13
J1819-1510,0.22653899,7.85E-18
J1819-1717,0.393521638,3.46E-15
J1820-0427,0.598081935,6.33E-15
J1820-0509,0.337320796,9.32E-16
J1820-1346,0.921459731,4.50E-15
J1820-1529,0.333253734,3.79E-14
J1820-1818,0.309904593,9.36E-17
J1821+0155,0.033781332,2.90E-20
J1821+1715,1.366682059,8.71E-16
J1821+4147,1.261857209,1.73E-15
J1821-0256,0.41411105,3.72E-17
J1821-0331,0.902315629,2.53E-15
J1821-1419,1.65600957,8.95E-13
J1821-1432,1.91513067,5.37E-15
J1822+0705,1.362817392,1.75E-15
J1822+1120,1.787036805,2.35E-15
J1822+2617,0.591417586,7.98E-16
J1822-0719,0.499075534,1.90E-17
J1822-0848,0.834839273,1.35E-16
J1822-0902,0.148894507,1.78E-14
J1822-0907,0.974700373,3.55E-16
J1822-1252,2.071040272,8.48E-14
J1822-1400,0.21477111,9.07E-16
J1822-1604,8.437721056,2.14E-14
J1822-1617,0.831155727,1.89E-15
J1822-2256,1.874268518,1.35E-15
J1822-4209,0.456511945,4.59E-16
J1823+0550,0.752906543,2.27E-16
J1823-0154,0.759777464,1.13E-15
J1823-1115,0.279828697,1.38E-15
J1823-1126,1.846534201,3.65E-14
J1823-1347,0.617107206,9.60E-15
J1823-1526,1.625405472,4.52E-15
J1823-1807,1.636792452,2.79E-16
J1823-3021A,0.005440004,3.38E-18
J1823-3021B,0.378596492,2.99E-17
J1823-3021C,0.405935963,2.24E-16
J1823-3021G,0.006091293,-1.78E-20
J1823-3106,0.284054345,2.93E-15
J1824+1014,0.004065916,5.37E-21
J1824-0127,2.499469846,3.91E-15
J1824-0132,0.22372852,2.82E-17
J1824-1118,0.435759033,3.55E-15
J1824-1159,0.362492078,5.38E-15
J1824-1350,1.396598546,6.07E-16
J1824-1423,0.359394162,3.92E-16
J1824-1500,0.412229959,7.58E-16
J1824-1945,0.189337441,5.24E-15
J1824-2233,1.16174311,3.01E-16
J1824-2328,1.505874552,1.74E-15
J1824-2452A,0.003054316,1.62E-18
J1824-2452I,0.003931853,0
J1824-2452M,0.004784284,1.23E-19
J1824-2452N,0.003352872,1.59E-19
J1824-2537,0.223320267,4.40E-16
J1825+0004,0.7789494,8.76E-16
J1825-0319,0.004553528,6.80E-21
J1825-0935,0.769020998,5.24E-14
J1825-1108,1.925871773,1.90E-15
J1825-1446,0.279198309,2.27E-14
J1826-1131,2.09313631,4.91E-15
J1826-1256,0.110223702,1.21E-13
J1826-1334,0.101486794,7.53E-14
J1826-1419,0.770620171,8.78E-15
J1826-1526,0.382072812,1.08E-15
J1826-2415,0.004695757,1.74E-20
J1827-0750,0.270502039,1.54E-15
J1827-0849,0.00224,1.10E-20
J1827-0934,0.512547818,7.23E-15
J1827-0958,0.245757118,1.00E-15
J1827-1446,0.49918661,4.53E-14
J1828+1221,1.528295081,1.75E-15
J1828+1359,0.74163952,7.29E-16
J1828-0611,0.269414732,1.46E-15
J1828-1007,0.153196979,6.13E-16
J1828-1057,0.246333257,2.07E-14
J1828-1101,0.072056525,1.48E-14
J1828-1336,0.860332116,9.95E-16
J1828-2119,0.51452307,1.27E-15
J1829+0000,0.199147397,5.25E-16
J1829+2456,0.041009824,5.25E-20
J1829-0734,0.318400873,4.79E-15
J1829-1011,0.829166021,-5.00E-18
J1829-1751,0.307132976,5.55E-15
J1830-0052,0.345698034,2.37E-16
J1830-0131,0.152511958,2.11E-15
J1830-1059,0.405073135,5.99E-14
J1830-1135,6.221552666,4.77E-14
J1830-1313,0.747187668,1.71E-15
J1830-1414,0.77149252,7.62E-17
J1831-0823,0.612132964,3.09E-16
J1831-0952,0.067266846,8.32E-15
J1831-1223,2.857941001,5.47E-15
J1831-1329,2.16567935,2.99E-15
J1831-1423,0.507945195,1.09E-15
J1832+0029,0.533917733,1.55E-15
J1832-0644,0.744295419,3.71E-14
J1832-0827,0.647325599,6.39E-14
J1832-0836,0.002719112,8.27E-21
J1832-1021,0.330354089,4.20E-15
J1833-0209,0.291930632,2.75E-15
J1833-0338,0.686732837,4.16E-14
J1833-0556,1.52154517,1.28E-15
J1833-0559,0.48345888,1.23E-14
J1833-0827,0.085288151,9.18E-15
J1833-0831,7.565408384,3.43E-12
J1833-1034,0.06188365,2.02E-13
J1833-1055,0.633640298,5.27E-16
J1833-3840,0.00187,1.77E-20
J1833-6023,1.8894355,2.70E-16
J1834-0010,0.520954311,1.05E-17
J1834-0031,0.329531922,4.49E-16
J1834-0426,0.290108193,7.19E-17
J1834-0602,0.487913592,1.83E-15
J1834-0633,0.317314883,6.04E-16
J1834-0731,0.51299527,5.82E-14
J1834-0742,0.788353567,3.25E-14
J1834-0812,0.491141556,9.96E-15
J1834-0845,2.4823018,7.96E-12
J1834-1202,0.610258782,6.74E-18
J1834-1710,0.358306049,4.69E-17
J1834-1855,1.465655771,1.93E-15
J1835-0114,0.005116388,7.00E-21
J1835-0349,0.841864519,3.06E-15
J1835-0522,1.087749188,4.73E-16
J1835-0600,2.221787148,8.43E-15
J1835-0643,0.305830098,4.05E-14
J1835-0847,0.846494135,4.85E-16
J1835-0924,0.859192035,2.14E-14
J1835-09242,0.235248925,1.18E-17
J1835-0928,0.621733994,9.69E-16
J1835-0944,0.14534738,4.38E-15
J1835-0946,0.379536106,4.32E-17
J1835-1020,0.302449584,5.92E-15
J1835-1106,0.165917635,2.06E-14
J1835-1548,0.670485662,1.74E-15
J1835-3259B,0.001830293,4.34E-20
J1836+5925,0.173263836,1.50E-15
J1836-0436,0.354236508,1.66E-15
J1836-0517,0.45724503,1.30E-15
J1836-1008,0.562710736,1.18E-14
J1836-1324,0.178756352,1.04E-15
J1836-2354A,0.003354336,2.32E-21
J1836-2354B,0.003232274,-4.80E-22
J1837+0053,0.47351253,3.77E-17
J1837+1221,1.963531984,6.20E-15
J1837-0045,0.617036696,1.68E-15
J1837-0559,0.201063722,3.31E-15
J1837-0604,0.096294208,4.52E-14
J1837-0653,1.905808706,7.72E-16
J1837-0822,1.099195959,1.21E-16
J1837-1243,1.876018524,3.65E-14
J1837-1837,0.618357697,5.50E-15
J1838+1523,0.549160602,2.03E-17
J1838+1650,1.901967399,2.68E-15
J1838-0107,0.444425725,5.46E-18
J1838-0453,0.380865613,1.16E-13
J1838-0537,0.14570774,4.72E-13
J1838-0549,0.235311381,3.34E-14
J1838-0624,0.927177742,7.74E-17
J1838-0655,0.070498244,4.93E-14
J1838-1046,1.218353596,3.08E-15
J1838-1849,0.488242009,4.00E-17
J1839-0141,0.933265581,5.94E-15
J1839-0223,1.266790124,4.76E-15
J1839-0321,0.238782183,1.25E-14
J1839-0332,2.675682265,4.76E-15
J1839-0402,0.52093968,7.69E-15
J1839-0436,0.149460656,8.10E-16
J1839-0459,0.585319038,3.31E-15
J1839-0627,0.484913679,1.32E-16
J1839-0643,0.44954815,3.64E-15
J1839-0905,0.418974904,2.60E-14
J1839-1238,1.911428023,4.95E-15
J1840+0214,0.797478075,8.29E-15
J1840+5640,1.652861853,1.49E-15
J1840-0445,0.422316321,1.13E-14
J1840-0559,0.859368467,9.60E-15
J1840-0626,1.8933527,2.30E-14
J1840-0643,0.035577873,9.54E-20
J1840-0753,0.437869002,1.00E-16
J1840-0809,0.955673269,2.35E-15
J1840-0815,1.09644114,2.43E-15
J1840-0840,5.309376685,2.37E-14
J1840-1122,0.940961617,6.41E-15
J1840-1207,0.754470427,3.20E-15
J1840-1419,6.597562522,6.35E-15
J1841+0130,0.029772775,8.17E-18
J1841+0912,0.381319294,1.09E-15
J1841-0157,0.663321098,1.81E-14
J1841-0310,1.657656458,3.35E-16
J1841-0345,0.204068115,5.79E-14
J1841-0425,0.186148858,6.39E-15
J1841-0456,11.78897842,4.09E-11
J1841-0500,0.912915802,3.48E-14
J1841-0524,0.445748931,2.34E-13
J1841-1404,1.334557231,6.41E-16
J1841-7845,0.353602533,1.60E-16
J1842+0257,3.088255793,2.96E-14
J1842+0358,0.233326207,8.11E-16
J1842+0638,0.313016401,7.60E-17
J1842+1332,0.471603579,2.29E-16
J1842-0153,1.05422825,6.72E-15
J1842-0309,0.404919644,4.52E-15
J1842-0359,1.839944701,5.08E-16
J1842-0415,0.526682242,2.19E-14
J1842-0612,0.56447538,2.20E-17
J1842-0800,1.255468574,1.94E-16
J1842-0905,0.344646012,1.05E-14
J1843+0119,1.266998355,3.76E-15
J1843+2024,3.406538671,1.04E-15
J1843-0000,0.880334322,7.77E-15
J1843-0050,0.782598469,2.49E-16
J1843-0137,0.669872387,2.47E-15
J1843-0211,2.027524389,1.44E-14
J1843-0355,0.132313972,1.04E-15
J1843-0408,0.7819337,2.39E-15
J1843-0459,0.75496337,8.54E-16
J1843-0510,0.671613829,3.89E-15
J1843-0702,0.191614578,2.14E-15
J1843-0744,0.475392527,1.33E-14
J1843-0806,0.536413666,1.74E-14
J1843-1113,0.001845666,9.55E-21
J1843-1448,0.005471331,6.21E-21
J1843-1507,0.583550377,7.20E-15
J1844+0115,0.004185544,1.07E-20
J1844+1454,0.375463379,1.87E-15
J1844-0030,0.641097851,6.08E-15
J1844-0244,0.507722322,1.67E-14
J1844-0302,1.198630275,7.81E-15
J1844-0310,0.525049143,1.02E-14
J1844-0346,0.11285465,1.55E-13
J1844-0433,0.991026616,3.91E-15
J1844-0452,0.269443321,6.80E-16
J1844-0502,0.335162528,6.18E-17
J1844-0538,0.255704186,9.71E-15
J1845+0623,1.421653784,5.46E-16
J1845-0316,0.20763572,8.86E-15
J1845-0434,0.486750799,1.13E-14
J1845-0545,1.092348153,1.34E-14
J1845-0635,0.340527647,4.49E-15
J1845-0743,0.104694652,3.67E-16
J1845-0826,0.634354347,9.35E-15
J1845-1114,0.206219981,2.01E-15
J1845-1351,2.618918467,9.72E-15
J1846+0051,0.43437288,1.12E-14
J1846+0919,0.225551453,9.93E-15
J1846-0257,4.47672254,1.61E-13
J1846-0258,0.326571288,7.11E-12
J1846-0749,0.350109573,1.26E-15
J1846-07492,0.861379643,5.19E-15
J1846-7403,4.878838526,6.06E-15
J1847-0130,6.707045724,1.27E-12
J1847-0402,0.597808754,5.17E-14
J1847-0427,0.259246643,5.90E-18
J1847-0438,0.957991165,1.09E-14
J1847-0443,0.34083213,2.83E-17
J1847-0605,0.778164353,4.65E-15
J1848+0351,0.191442663,6.73E-17
J1848+0604,2.218602647,3.74E-15
J1848+0647,0.505956739,8.75E-15
J1848+0826,0.328664727,2.72E-16
J1848+1516,2.233769775,1.68E-15
J1848-0023,0.537623733,1.61E-15
J1848-0055,0.274556685,1.35E-15
J1848-0123,0.659432051,5.25E-15
J1848-0511,1.637129007,8.86E-15
J1848-0601,0.225004475,2.87E-16
J1848-1150,1.312218438,1.43E-15
J1848-1243,0.414383354,4.41E-16
J1848-1414,0.297769547,1.41E-17
J1848-1952,4.308189599,2.33E-14
J1849+0106,1.832259319,1.70E-14
J1849+0127,0.542155481,2.80E-14
J1849+0409,0.761194082,2.16E-14
J1849+0430,0.421125804,1.14E-16
J1849+2423,0.275641499,1.53E-16
J1849+2559,0.519263406,1.80E-16
J1849-0001,0.038522586,1.42E-14
J1849-0040,0.672480607,1.11E-14
J1849-0317,0.668407829,2.20E-14
J1849-0614,0.953384188,5.39E-14
J1849-0636,1.451319471,4.62E-14
J1850+0026,1.081843782,3.59E-16
J1850+0124,0.003559764,1.09E-20
J1850+0242,0.004479864,1.63E-19
J1850+0423,0.290716217,9.14E-17
J1850+1335,0.345581898,1.49E-15
J1850-0006,2.191497968,4.32E-15
J1850-0026,0.166633924,3.91E-14
J1850-0031,0.73418486,1.26E-15
J1851+0118,0.906976861,1.37E-13
J1851+0233,0.344018308,2.18E-15
J1851+0241,4.491318359,2.26E-14
J1851+0418,0.284697472,1.09E-15
J1851+1259,1.205303285,1.15E-14
J1851-0029,0.518721435,4.74E-15
J1851-0053,1.409065241,8.74E-16
J1851-0114,0.953181685,2.48E-15
J1851-0241,0.435193852,7.96E-15
J1851-0633,1.920302131,2.40E-15
J1852+0008,0.467894113,5.68E-15
J1852+0013,0.957750945,1.40E-14
J1852+0031,2.180195178,9.70E-14
J1852+0033,11.55871346,0
J1852+0040,0.104912611,8.68E-18
J1852+0305,1.326148567,1.02E-16
J1852-0000,1.920666329,2.52E-13
J1852-0118,0.451472853,1.76E-15
J1852-0127,0.428978926,5.15E-15
J1852-0635,0.524156765,1.46E-14
J1852-2610,0.336337132,8.77E-17
J1853+0011,0.397889459,3.35E-14
J1853+0029,1.876757623,2.43E-15
J1853+0056,0.2755776,2.14E-14
J1853+0259,0.585552888,1.12E-16
J1853+0427,1.320658506,2.65E-15
J1853+0505,0.905137354,1.28E-15
J1853+0545,0.126400333,6.12E-16
J1853+0853,3.914657916,5.13E-15
J1853+1303,0.004091797,8.72E-21
J1853-0004,0.101437103,5.57E-15
J1853-0649,1.048132105,1.55E-15
J1853-0842A,0.002149433,-2.39E-21
J1854+0050,0.767279534,5.78E-16
J1854+0306,4.557820096,1.45E-13
J1854+0317,1.366449647,1.85E-15
J1854+0319,0.628540823,5.51E-17
J1854+1050,0.573196989,6.39E-16
J1854-0524,0.54402081,1.20E-15
J1854-1421,1.146594847,4.16E-15
J1854-1557,3.453121181,4.52E-15
J1855+0205,0.24681677,6.47E-17
J1855+0306,1.633565693,7.00E-15
J1855+0307,0.845347575,1.81E-14
J1855+0422,1.67810633,9.29E-16
J1855+0527,1.393484482,2.67E-13
J1855+0700,0.258684648,7.52E-16
J1855-0941,0.34540116,2.40E-16
J1855-1436,0.003594092,1.09E-20
J1856+0102,0.620217115,1.22E-15
J1856+0113,0.26743961,2.08E-13
J1856+0245,0.080906689,6.21E-14
J1856+0404,0.420252155,3.71E-17
J1856+0912,2.170701297,2.63E-15
J1856-0526,0.370483417,1.70E-15
J1856-3754,7.055202874,2.98E-14
J1857+0057,0.356928998,5.46E-17
J1857+0143,0.139760065,3.12E-14
J1857+0210,0.630983058,1.40E-14
J1857+0212,0.415823055,4.03E-14
J1857+0300,0.772678043,2.65E-15
J1857+0526,0.349951178,6.93E-15
J1857+0809,0.502923871,4.74E-15
J1857+0943,0.005362101,1.78E-20
J1857-1027,3.687219048,1.06E-14
J1858+0215,0.745828032,4.61E-15
J1858+0239,0.197644188,1.40E-14
J1858+0241,4.693232933,2.43E-14
J1858+0319,0.867443879,1.03E-16
J1858+0346,0.256843798,2.04E-15
J1858-0736,0.551058591,5.06E-15
J1858-2216,0.002384013,3.80E-21
J1859+0345,1.511508504,6.48E-16
J1859+0601,1.044312702,2.55E-14
J1859+0603,0.50856108,1.59E-15
J1859+1526,0.933971582,3.93E-15
J1859+7654,1.393729135,5.05E-17
J1900+0227,0.374261575,5.71E-15
J1900+0308,0.004909239,5.90E-21
J1900+0438,0.312314406,3.23E-15
J1900+0634,0.389869101,5.13E-15
J1900-0051,0.385194095,1.42E-16
J1900-0134,1.832332073,3.05E-14
J1900-0933,1.423889144,2.26E-16
J1900-2600,0.612209204,2.05E-16
J1900-7951,1.279193194,1.86E-15
J1901+0124,0.318817259,3.24E-15
J1901+0156,0.288219159,2.36E-15
J1901+0234,0.885240281,2.30E-14
J1901+0254,1.299693449,4.56E-16
J1901+0300,0.007796776,4.57E-20
J1901+0320,0.636584478,5.23E-16
J1901+0331,0.655450239,7.46E-15
J1901+0355,0.554756465,1.27E-14
J1901+0413,2.663079683,1.32E-13
J1901+0435,0.690576358,8.67E-15
J1901+0459,0.87704381,1.57E-14
J1901+0510,0.614756694,3.11E-14
J1901+0511,4.60036899,2.53E-14
J1901+0621,0.832001949,1.80E-17
J1901+0716,0.643998664,2.29E-15
J1901+1306,1.830857453,1.31E-16
J1901-0125,0.00279,3.58E-20
J1901-0312,0.355725187,2.29E-15
J1901-0315,0.801693097,2.57E-15
J1901-0906,1.781927762,1.64E-15
J1901-1740,1.95685759,8.23E-16
J1902+0235,0.415394228,9.48E-17
J1902+0248,1.223777454,2.41E-15
J1902+0556,0.746577356,1.29E-14
J1902+0615,0.673505459,7.71E-15
J1902+0723,0.487812628,2.10E-16
J1902+1141,0.409140183,2.59E-15
J1902-0340,1.524672106,2.00E-15
J1902-1036,0.786813538,7.54E-15
J1902-5105,0.0017424,9.20E-21
J1903+0135,0.729306961,4.03E-15
J1903+0327,0.002149912,1.88E-20
J1903+0415,1.151398592,2.27E-16
J1903+0601,0.374117028,1.92E-14
J1903+0654,0.791232253,1.06E-14
J1903+0912,0.166314478,1.48E-14
J1903+0925,0.35715482,3.69E-14
J1903+2225,0.651185384,4.45E-16
J1903-0258,0.301458774,6.79E-16
J1903-0632,0.431889309,3.38E-15
J1903-0848,0.887324641,1.33E-15
J1903-7051,0.003597898,1.04E-20
J1904+0004,0.139524667,1.18E-16
J1904+0056,0.438089457,4.00E-18
J1904+0412,0.071094897,1.10E-19
J1904+0451,0.006092368,5.72E-21
J1904+0738,0.208958332,4.11E-16
J1904+0800,0.263344726,1.73E-14
J1904+1011,1.856569717,2.76E-16
J1904-0150,0.379387162,8.90E-16
J1904-1224,0.750808122,7.42E-16
J1904-1629,1.541412044,3.19E-15
J1905+0400,0.003784405,4.91E-21
J1905+0600,0.441209732,1.11E-15
J1905+0616,0.989706023,1.35E-13
J1905+0709,0.648040054,4.94E-15
J1905+0902,0.218252913,3.50E-15
J1905+1034,1.726810204,2.07E-14
J1905-0056,0.643183348,3.06E-15
J1906+0055,0.002789552,3.32E-21
J1906+0414,1.043361629,1.15E-14
J1906+0454,0.002083278,2.98E-21
J1906+0509,0.397589683,5.22E-15
J1906+0641,0.267275008,2.14E-15
J1906+0649,1.28656438,1.52E-16
J1906+0722,0.111524136,3.59E-14
J1906+0724,1.536490138,3.00E-15
J1906+0746,0.144073155,2.03E-14
J1906+0912,0.77534459,1.32E-16
J1906+1854,1.019092771,2.05E-16
J1907+0249,0.35187944,1.14E-15
J1907+0255,0.618760636,2.23E-16
J1907+0345,0.240153263,8.22E-15
J1907+0534,1.138402713,3.15E-15
J1907+0602,0.106632746,8.68E-14
J1907+0631,0.323648024,4.52E-13
J1907+0731,0.36367633,1.84E-14
J1907+0740,0.574697952,6.71E-16
J1907+0833,0.167627579,3.70E-15
J1907+0859,1.527042271,5.54E-15
J1907+0918,0.22610711,9.43E-14
J1907+0919,5.198346,9.20E-11
J1907+1149,1.420160341,1.60E-13
J1907+1247,0.827097371,1.95E-15
J1907+4002,1.235757453,5.41E-16
J1907-1532,0.632235329,3.08E-15
J1908+0457,0.846792846,9.80E-16
J1908+0500,0.291020787,2.59E-15
J1908+0558,0.168677559,2.28E-15
J1908+0734,0.212352673,8.25E-16
J1908+0833,0.512110723,1.99E-15
J1908+0839,0.185397244,2.39E-15
J1908+0909,0.336554652,3.49E-14
J1908+0916,0.830269885,9.80E-17
J1908+1351,3.174831829,3.70E-15
J1908+2105,0.002564393,1.38E-20
J1908+2351,0.377578026,1.70E-17
J1909+0007,1.016948362,5.52E-15
J1909+0254,0.989831207,5.53E-15
J1909+0616,0.755992761,2.06E-14
J1909+0641,0.741761952,3.22E-15
J1909+0749,0.237161293,1.52E-13
J1909+0912,0.222949273,3.58E-14
J1909+1102,0.283642112,2.64E-15
J1909+1148,0.448945467,7.25E-17
J1909+1205,1.229312421,3.40E-15
J1909+1450,0.996107795,2.19E-16
J1909+1859,0.542451096,9.70E-17
J1909-3744,0.002947108,1.40E-20
J1910+0225,0.337854845,2.62E-16
J1910+0358,2.330262821,4.47E-15
J1910+0435,0.664679416,1.72E-14
J1910+0517,0.308047947,7.30E-16
J1910+0534,0.452867354,1.92E-15
J1910+0710,0.538646788,2.05E-16
J1910+0714,2.712422838,6.12E-15
J1910+0728,0.325415322,8.31E-15
J1910+1017,0.411158866,5.42E-15
J1910+1026,0.531493034,2.57E-13
J1910+1231,1.441741593,8.23E-15
J1910+1256,0.004983584,9.68E-21
J1910-0112,1.360602928,1.78E-16
J1910-0309,0.504606055,2.19E-15
J1910-0556,0.557609248,5.96E-16
J1910-5959A,0.003266187,2.95E-21
J1910-5959B,0.008357799,-7.90E-19
J1910-5959C,0.005277327,2.16E-21
J1910-5959D,0.009035285,9.64E-19
J1910-5959E,0.004571766,-4.34E-19
J1910-5959F,0.008485494,7.41E-19
J1911+0101A,0.003618524,-6.58E-21
J1911+0101B,0.005384326,-2.00E-21
J1911+0921,0.273706758,1.75E-17
J1911+0925,0.323857547,3.55E-15
J1911+1051,0.190872845,1.22E-14
J1911+1301,1.010461733,1.89E-15
J1911+1336,0.299992041,1.59E-16
J1911+1347,0.004625962,1.69E-20
J1911+1758,0.460405819,1.31E-17
J1911-1114,0.003625746,1.40E-20
J1912+1036,0.409349486,1.58E-14
J1912+2104,2.232969028,1.02E-14
J1912+2525,0.621976245,2.25E-16
J1913+0446,1.616129872,2.79E-13
J1913+0523,0.661997424,1.80E-15
J1913+0618,0.005026861,9.61E-21
J1913+0657,1.257181104,2.83E-15
J1913+0832,0.134409004,4.57E-15
J1913+0904,0.163245786,1.76E-14
J1913+0936,1.241964599,4.32E-16
J1913+1000,0.837148196,1.67E-14
J1913+1011,0.035908613,3.37E-15
J1913+1050,0.190067108,1.95E-16
J1913+1102,0.027285007,1.61E-19
J1913+11025,0.923871918,3.40E-16
J1913+1145,0.306068645,5.02E-15
J1913+1330,0.923391387,8.68E-15
J1913+1400,0.521472714,8.04E-16
J1913+3732,0.851078949,1.38E-15
J1913-0440,0.825935803,4.07E-15
J1914+0219,0.457526574,1.02E-15
J1914+0625,0.878889431,4.53E-16
J1914+0631,0.693811206,3.32E-17
J1914+0659,0.018511823,3.10E-20
J1914+0805,0.45549939,3.02E-17
J1914+0838,0.440039883,5.86E-16
J1914+1122,0.600997496,6.56E-16
J1914+1428,1.159519785,2.18E-15
J1915+0227,0.317306233,2.99E-16
J1915+0639,0.644140153,1.84E-15
J1915+0738,1.542704449,3.31E-15
J1915+0752,2.058313789,1.39E-16
J1915+0838,0.342776797,1.57E-15
J1915+1009,0.404551767,1.53E-14
J1915+1145,0.173647196,1.53E-17
J1915+1150,0.100040955,1.37E-14
J1915+1410,0.297494122,4.89E-17
J1915+1606,0.059030003,8.62E-18
J1915+1647,1.616231495,4.05E-16
J1916+0748,0.541752114,1.07E-14
J1916+0844,0.439995272,2.90E-15
J1916+0852,2.18274599,1.31E-14
J1916+0951,0.27025444,2.52E-15
J1916+1023,1.618338921,6.81E-16
J1916+1030,0.628969721,3.40E-17
J1916+1225,0.227387489,2.35E-14
J1916+1312,0.281844951,3.66E-15
J1916+3224,1.137449726,3.47E-15
J1916-2939,1.248616964,1.24E-15
J1917+0834,2.129665364,1.75E-14
J1917+1353,0.194630983,7.20E-15
J1917+1737,0.334725227,3.24E-16
J1917+2224,0.425897254,2.86E-15
J1918+1311,0.856748868,2.26E-15
J1918+1444,1.181023297,2.12E-13
J1918+1541,0.370882999,2.54E-15
J1918-0642,0.007645873,2.57E-20
J1918-1052,0.798692542,8.65E-16
J1919+0021,1.272260375,7.67E-15
J1919+0134,1.603983555,5.89E-16
J1919+1314,0.571399861,3.79E-15
J1919+1645,0.562789987,2.16E-16
J1919+1745,2.08134346,1.71E-15
J1919+2621,0.651512094,5.46E-16
J1920+1040,2.215801739,6.48E-15
J1920+1110,0.50988582,1.56E-16
J1920+2650,0.78552185,3.44E-17
J1920-0950,1.037824001,3.93E-16
J1921+0137,0.002496372,1.94E-20
J1921+0812,0.210648412,5.36E-15
J1921+0921,0.562302288,9.58E-15
J1921+1419,0.618182591,5.60E-15
J1921+1544,0.143575681,9.80E-16
J1921+1630,0.936448008,2.23E-14
J1921+1929,0.002646341,3.82E-20
J1921+1948,0.821035081,8.96E-16
J1921+2003,0.760681389,5.00E-17
J1921+2153,1.33730216,1.35E-15
J1921-0510,0.79425388,6.02E-16
J1922+1131,0.56207429,2.57E-17
J1922+1733,0.236170877,1.34E-14
J1922+2018,1.172763402,6.49E-16
J1922+2110,1.077924343,8.18E-15
J1923+1706,0.547209202,4.30E-17
J1923+2515,0.003788156,9.56E-21
J1923+4243,0.595192859,2.53E-15
J1923-0408,1.149269371,6.80E-17
J1924+1628,0.375082251,3.21E-16
J1924+1631,2.935186459,3.64E-13
J1924+1639,0.158042918,2.56E-15
J1924+1713,0.758433236,1.13E-16
J1924+1917,1.277941625,1.99E-16
J1924+2040,0.237790138,2.09E-15
J1925+1720,0.075658988,1.05E-14
J1926+0431,1.074080076,2.46E-15
J1926+0737,0.318062051,3.75E-16
J1926+1434,1.324921971,2.19E-16
J1926+1614,0.308305907,3.35E-17
J1926+1648,0.579822815,1.80E-14
J1926+1928,1.346012185,1.43E-15
J1926+2016,0.299071778,3.50E-15
J1926-0652,1.608816303,3.91E-16
J1926-1314,4.8642838,3.64E-14
J1927+0911,0.290305256,6.35E-17
J1927+1852,0.482766274,1.16E-16
J1927+1856,0.298313497,2.24E-15
J1927+2234,1.431066414,7.71E-16
J1928+1245,0.003021606,1.68E-20
J1928+1443,1.010738953,2.10E-16
J1928+1746,0.068730406,1.32E-14
J1928+1923,0.817329808,6.35E-15
J1928-0108,2.365714025,2.80E-15
J1929+1357,0.866926671,3.66E-15
J1929+1844,1.220470005,2.36E-15
J1929+1955,0.25783194,2.56E-15
J1929+2121,0.723598503,2.14E-15
J1929+3817,0.814215242,6.10E-16
J1930+1316,0.760031968,3.66E-15
J1930+1408,0.425720327,1.90E-18
J1930+1722,1.609706338,8.81E-16
J1930+1852,0.136855047,7.51E-13
J1930+2441,0.005767407,8.65E-21
J1930-1852,0.18552016,1.80E-17
J1931+1439,1.779225575,6.33E-15
J1931+1536,0.314355396,5.01E-15
J1931+1817,0.23413144,1.07E-13
J1931+1952,0.501123113,1.01E-16
J1931-0144,0.59366136,2.93E-17
J1932+1059,0.226518747,1.16E-15
J1932+1500,1.864331867,4.59E-16
J1932+1756,0.041831288,4.32E-19
J1932+1916,0.208214904,9.32E-14
J1932+2020,0.268217403,4.22E-15
J1932+2220,0.144469765,5.76E-14
J1932-3655,0.571420529,2.86E-16
J1933+0758,0.437454407,2.18E-16
J1933+1304,0.928323751,3.18E-16
J1933+1726,0.021507234,4.90E-20
J1933+2421,0.813690303,8.11E-15
J1933+5335,2.05257449,1.26E-15
J1933-6211,0.003543431,3.87E-21
J1934+1926,0.230984426,2.68E-18
J1934+2352,0.178431524,1.31E-13
J1934+5219,0.568442283,8.40E-17
J1935+1159,1.93975818,9.48E-16
J1935+1616,0.358738411,6.00E-15
J1935+1745,0.654408147,3.78E-16
J1935+1829,0.84354791,2.32E-15
J1935+2025,0.080118133,6.08E-14
J1936+1536,0.96733837,4.04E-15
J1936+2042,1.390723423,4.94E-14
J1937+1505,2.872773651,5.61E-15
J1937+1658,0.003957668,1.32E-20
J1937+2544,0.200980202,6.43E-16
J1937+2950,1.657428783,3.48E-15
J1938+0650,1.121561892,5.68E-15
J1938+2010,0.687081857,3.40E-15
J1938+2012,0.002634135,7.50E-22
J1938+2213,0.166115573,4.24E-14
J1938+2659,0.883331781,3.23E-15
J1938+6604,0.022258801,1.95E-20
J1939+2134,0.001557807,1.05E-19
J1939+2449,0.645302469,1.83E-14
J1939+2609,0.466962555,5.20E-18
J1940+2245,0.258911997,1.27E-14
J1940+2337,0.546824158,7.68E-14
J1940-0902,0.978468138,1.88E-15
J1941+0121,0.217317452,1.91E-16
J1941+1026,0.905393888,9.96E-16
J1941+1341,0.559084099,1.24E-15
J1941+2525,2.306152697,1.61E-13
J1941+4320,0.840906468,1.15E-15
J1941-2602,0.402857909,9.56E-16
J1942+1743,0.696262215,1.01E-16
J1942+3941,1.353290955,7.14E-17
J1942+8106,0.203558453,3.69E-17
J1942-2019,0.275132724,1.23E-17
J1943+0609,0.446226282,4.66E-16
J1943+2210,0.005084174,8.79E-21
J1943-1237,0.972428851,1.66E-15
J1944+0907,0.005185202,1.73E-20
J1944+1755,1.996899014,7.30E-16
J1944+2236,0.003617993,7.46E-21
J1944-1750,0.841157774,9.86E-16
J1945+1211,4.756796379,3.78E-15
J1945+1834,1.068707691,2.42E-16
J1945-0040,1.045632445,5.35E-16
J1946+1805,0.440618477,2.41E-17
J1946+2052,0.016960175,9.20E-19
J1946+2244,1.334449858,8.89E-16
J1946+2535,0.515167051,5.64E-15
J1946+2611,0.435060255,2.20E-14
J1946+3417,0.003170139,3.16E-21
J1946-1312,0.491865489,1.99E-15
J1946-2913,0.959447932,1.49E-15
J1947+0915,1.480743824,4.78E-16
J1947+1957,0.157508543,5.23E-16
J1948+1808,0.394354427,2.27E-16
J1948+2333,0.528352163,1.36E-14
J1948+2551,0.196626814,9.02E-15
J1948+2819,0.932692953,6.13E-14
J1948+3540,0.717311174,7.06E-15
J1949+2306,1.319373385,1.23E-16
J1949+3106,0.013138183,9.39E-20
J1949+3426,0.388539168,2.02E-16
J1949-2524,0.95761663,3.27E-15
J1950+2414,0.004304775,1.88E-20
J1950+3001,2.788917894,1.49E-13
J1951+1123,5.094083028,3.03E-15
J1951+4724,0.181927599,3.01E-14
J1952+1410,0.275025683,1.28E-16
J1952+2513,1.077647295,1.06E-15
J1952+2630,0.020732361,4.27E-18
J1952+3021,1.665665231,1.08E-14
J1952+3252,0.039531193,5.84E-15
J1953+1149,0.851890277,2.87E-15
J1953+2732,1.333964994,1.77E-15
J1953+2819,1.011002453,2.14E-15
J1954+1021,2.09944017,1.74E-15
J1954+2407,0.193404571,1.06E-15
J1954+2529,0.931210095,1.26E-15
J1954+2836,0.092709055,2.12E-14
J1954+2923,0.426676787,1.71E-18
J1954+3852,0.352933479,6.60E-15
J1954+4357,1.38704116,2.20E-15
J1955+2527,0.004872766,9.12E-21
J1955+2908,0.006133167,2.97E-20
J1955+2930,1.073877742,3.36E-15
J1955+5059,0.518937987,1.37E-15
J1955+6708,0.008565406,1.26E-20
J1956+0838,0.303910924,2.20E-16
J1957+2516,0.003961655,2.74E-20
J1957+2831,0.307682865,3.11E-15
J1957+5033,0.374806224,7.08E-15
J1957-0002,0.965095966,8.05E-16
J1958+2846,0.290389245,2.12E-13
J1958+3033,1.098580609,6.46E-15
J1959+2048,0.001607402,1.69E-20
J1959+3620,0.406081181,3.60E-17
J2000+2920,3.073783259,3.74E-14
J2001+4258,0.719166138,1.73E-14
J2001-0349,1.344724016,1.12E-16
J2002+1637,0.276497484,2.25E-16
J2002+3217,0.69676051,1.05E-13
J2002+4050,0.90506682,1.74E-15
J2003+2916,1.00987667,3.41E-16
J2004+2653,0.66587862,5.67E-17
J2004+3137,2.111264734,7.46E-14
J2004+3429,0.240952642,2.07E-13
J2005+3547,0.615033895,2.81E-16
J2005+3552,0.307942905,2.99E-15
J2005-0020,2.279661059,2.57E-14
J2006+0148,0.002163557,3.30E-21
J2006+3102,0.163695236,2.49E-14
J2006+4058,0.499694912,2.84E-16
J2006-0807,0.580871337,4.60E-17
J2007+0809,0.325724366,1.37E-16
J2007+0910,0.458734826,3.32E-16
J2007+2722,0.024497389,9.61E-19
J2007+3120,0.608205315,1.56E-14
J2008+2513,0.589195503,5.40E-15
J2008+3139,0.226118636,8.28E-17
J2009+3326,1.438368602,1.47E-15
J2010+2845,0.565369345,9.07E-17
J2010+3051,0.004816275,4.87E-21
J2010+3230,1.442447521,3.62E-15
J2010-1323,0.005223271,4.83E-21
J2011+3331,0.931733093,1.79E-15
J2012-2029,0.544001871,5.48E-16
J2013+3058,0.276027693,1.52E-16
J2013+3845,0.230193614,8.85E-15
J2013-0649,0.580187269,6.01E-16
J2015+2524,2.303299082,5.10E-16
J2016+1948,0.064940388,4.01E-19
J2017+0603,0.002896216,7.99E-21
J2017+2043,0.537143086,9.96E-16
J2017+3625,0.166749179,1.36E-15
J2017+5906,0.403478335,2.22E-16
J2017-1614,0.002314287,2.45E-21
J2018+2839,0.55795348,1.48E-16
J2018+3431,0.387664087,1.84E-15
J2019+2425,0.003934524,7.02E-21
J2021+3651,0.103740952,9.57E-14
J2021+4026,0.265317661,5.47E-14
J2022+2854,0.343402158,1.89E-15
J2022+3842,0.04857878,8.61E-14
J2022+5154,0.529196918,3.06E-15
J2023+5037,0.372619055,2.51E-15
J2027+2146,0.398173022,2.03E-16
J2027+4557,1.099651368,3.09E-16
J2027+7502,0.515218649,8.89E-16
J2028+3332,0.176707415,4.86E-15
J2029+3744,1.216804658,1.23E-14
J2030+2228,0.630512647,8.85E-16
J2030+3641,0.200128588,6.50E-15
J2030+4415,0.227070177,6.48E-15
J2032+4127,0.143246466,1.13E-14
J2033+0042,5.013400111,9.69E-15
J2033+1734,0.005948958,1.11E-20
J2033-1938,1.281719024,4.55E-16
J2034+3632,0.003650301,1.72E-21
J2036+2835,1.358726763,2.09E-15
J2036+6646,0.501927178,9.40E-16
J2037+1942,2.074377078,2.04E-15
J2037+3621,0.618715084,4.50E-15
J2038+5319,1.424568215,9.44E-16
J2038-3816,1.577289085,4.16E-15
J2039-3616,0.00327,8.43E-21
J2039-5617,0.002650907,1.42E-20
J2040+1657,0.865606225,5.95E-16
J2042+0246,0.004533727,1.40E-20
J2043+1711,0.002379879,5.24E-21
J2043+2740,0.096130563,1.27E-15
J2044+4614,1.392715464,6.30E-16
J2045+0912,0.395555112,1.95E-16
J2045+3633,0.031681843,5.88E-19
J2046+1540,1.138285683,1.82E-16
J2046+5708,0.476734842,1.11E-14
J2046-0421,1.546938117,1.47E-15
J2047+1053,0.00429,2.10E-20
J2047+5029,0.445944557,4.18E-15
J2048+2255,0.283900964,1.52E-17
J2048+4951,0.568301008,5.29E-15
J2048-1616,1.961572304,1.10E-14
J2050+1259,1.221019982,5.04E-16
J2051+1248,0.553167453,1.90E-17
J2051-0827,0.004508642,1.27E-20
J2052+1219,0.001985256,6.70E-21
J2053+1718,0.119267758,2.86E-19
J2053+4650,0.012586275,1.72E-19
J2053+4718,4.910379078,1.48E-14
J2053-7200,0.341336406,1.98E-16
J2055+15,0.00216,2.02E-20
J2055+2209,0.815181103,1.34E-15
J2055+2539,0.319561175,4.08E-15
J2055+3630,0.221507638,3.69E-16
J2055+3829,0.00208929,1.00E-21
J2105+6223,2.304878838,5.22E-15
J2108+4441,0.414870537,8.62E-17
J2108-3429,1.423101838,3.50E-15
J2111+2106,3.95385296,3.24E-15
J2111+4606,0.157829925,1.43E-13
J2112+4058,4.060754812,6.99E-15
J2113+2754,1.202851754,2.62E-15
J2113+4644,1.014684793,7.15E-16
J2115+5448,0.002602877,7.49E-20
J2116+1414,0.440153067,2.89E-16
J2122+2426,0.541421159,1.27E-16
J2123+5434,0.138868073,1.74E-19
J2124+1407,0.694053479,7.68E-16
J2124-3358,0.004931115,2.06E-20
J2127-6648,0.325771287,2.26E-16
J2129+1210A,0.110664704,-2.10E-17
J2129+1210B,0.056133036,9.54E-18
J2129+1210C,0.030529296,4.99E-18
J2129+1210D,0.004802804,-1.08E-18
J2129+1210E,0.004651435,1.78E-19
J2129+1210F,0.004027043,3.20E-20
J2129+1210G,0.037660167,2.00E-18
J2129+1210H,0.006743394,2.40E-20
J2129+4119,1.687418295,8.54E-17
J2129-5721,0.003726348,2.09E-20
J2136-1606,1.2272354,1.60E-17
J2136-5046,0.267322318,8.69E-17
J2137+6428,1.750989163,3.43E-15
J2139+2242,1.083513514,1.42E-15
J2139+4716,0.282849345,1.79E-15
J2140-2310A,0.011019329,-5.18E-20
J2143+0654,9.428228878,4.09E-14
J2144-3933,8.509827491,4.96E-16
J2144-5237,0.005041454,8.90E-21
J2145-0750,0.016052424,2.98E-20
J2149+6329,0.380140345,1.68E-16
J2150+5247,0.332205672,1.01E-14
J2151+2315,0.593533613,7.08E-16
J2154-2812,1.343361488,6.13E-16
J2155+2813,1.609019996,9.16E-16
J2155-3118,1.030002112,1.24E-15
J2155-5641,1.373654387,4.23E-15
J2156+2618,0.498149073,1.42E-17
J2157+4017,1.525265634,3.43E-15
J2204+2700,0.084702615,1.31E-19
J2205+1444,0.938014228,9.00E-16
J2205+6012,0.002415548,1.98E-20
J2206+6151,0.32267355,3.97E-16
J2208+4056,0.636957394,5.28E-15
J2208+5500,0.933162514,6.99E-15
J2212+2933,1.004592529,4.95E-16
J2214+3000,0.003119227,1.47E-20
J2215+1538,0.374195893,2.37E-15
J2215+5135,0.00260962,3.34E-20
J2216+5759,0.419102265,6.90E-14
J2217+5733,1.056844369,6.47E-16
J2219+4754,0.538468822,2.77E-15
J2222+2923,0.281399143,6.17E-18
J2222-0137,0.032817859,5.80E-19
J2225+6535,0.682542497,9.66E-15
J2228+6447,1.892981804,6.70E-16
J2229+2643,0.002977819,1.52E-21
J2229+6114,0.051623574,7.83E-14
J2229+6205,0.443054561,2.26E-15
J2234+0611,0.003576582,1.20E-20
J2234+0944,0.003627028,2.01E-20
J2234+2114,1.358745313,2.22E-16
J2235+1506,0.059767358,1.58E-19
J2236-5527,0.006907549,9.60E-21
J2238+5903,0.162733853,9.70E-14
J2240+5832,0.139934511,1.54E-14
J2241+6941,0.855401266,2.69E-15
J2241-5236,0.0021867,6.90E-21
J2242+6950,1.664500786,4.82E-15
J2243+1518,0.596799464,1.13E-16
J2248-0101,0.477233119,6.59E-16
J2251-3711,12.12256493,1.31E-14
J2253+1516,0.79223592,6.65E-17
J2256-1024,0.002294532,1.14E-20
J2257+5909,0.368246454,5.75E-15
J2301+5852,6.97907097,4.71E-13
J2302+4442,0.005192325,1.39E-20
J2302+6028,1.206404288,2.04E-15
J2305+3100,1.575886338,2.89E-15
J2305+4707,1.066371072,5.69E-16
J2307+2225,0.535828895,8.70E-18
J2308+5547,0.475067675,1.99E-16
J2310+6706,1.944788973,7.56E-17
J2310-0555,0.002612587,4.96E-21
J2312+6931,0.813374778,6.28E-16
J2313+4253,0.349433682,1.12E-16
J2317+1439,0.003445251,2.43E-21
J2317+2149,1.444653102,1.05E-15
J2319+6411,0.216018279,1.63E-16
J2321+6024,2.256488427,7.04E-15
J2322+2057,0.004808428,9.66E-21
J2322-2650,0.003463099,5.83E-22
J2323+1214,3.759491487,1.85E-15
J2324-6054,2.347488363,2.58E-15
J2325+6316,1.436309536,2.83E-15
J2325-0530,0.868735115,1.03E-15
J2326+6113,0.233651969,3.53E-16
J2329+4743,0.728408609,1.60E-17
J2330-2005,1.643622185,4.63E-15
J2333+6145,0.756899382,1.18E-15
J2337+6151,0.495369868,1.93E-13
J2338+4818,0.118710251,1.97E-18
J2339-0533,0.002884227,1.41E-20
J2346-0609,1.181463383,1.36E-15
J2351+8533,1.011727191,8.80E-16
J2354+6155,0.944783887,1.63E-14
J2355+2246,1.840985907,3.78E-15
